month,brent_price,GPR,GPRT,GPRA,world_production,world_consumption,world_inventory_net_withdrawals,world_market_balance,brent_price_next_month
1998-01,15.19,53.0963020324707,59.82126998901367,42.4878158569336,76.49,73.08,-3.41,3.4099999999999966,14.07
1998-02,14.07,77.59761810302734,101.84082794189452,45.36801910400391,76.9,74.5,-2.4,2.4000000000000057,13.1
1998-03,13.1,57.24806213378906,65.50199890136719,44.5167121887207,76.71,74.3,-2.41,2.4099999999999966,13.53
1998-04,13.53,50.99658203125,58.76738357543945,38.00284957885742,76.6,72.76,-3.84,3.839999999999989,14.36
1998-05,14.36,94.4734878540039,129.79888916015625,43.8027572631836,75.97,70.74,-5.23,5.230000000000004,12.21
1998-06,12.21,76.30907440185547,94.95468139648438,48.77885437011719,75.66,73.43,-2.23,2.2299999999999898,12.08
1998-07,12.08,54.04841613769531,64.22628021240234,38.29932403564453,75.21,73.94,-1.27,1.269999999999996,11.91
1998-08,11.91,97.02085876464844,83.93855285644531,123.8387451171875,74.5,72.96,-1.53,1.5400000000000065,13.34
1998-09,13.34,62.51344299316406,68.4769515991211,55.129615783691406,74.52,73.38,-1.14,1.1400000000000006,12.7
1998-10,12.7,54.40364837646485,57.89592742919922,48.27804183959961,74.68,74.54,-0.14,0.1400000000000005,11.04
1998-11,11.04,67.96592712402344,88.07134246826172,38.60226440429688,75.68,75.37,-0.32,0.3100000000000023,9.82
1998-12,9.82,75.95989227294922,86.2803955078125,64.999755859375,75.37,77.4,2.04,-2.030000000000001,11.11
1999-01,11.11,63.98722457885742,69.46121215820312,53.77272033691406,75.66,74.48,-1.18,1.1799999999999926,10.27
1999-02,10.27,58.316383361816406,67.28399658203125,44.1739501953125,76.1,77.21,1.11,-1.1099999999999994,12.51
1999-03,12.51,83.39727783203125,89.73835754394531,75.18807983398438,75.69,77.57,1.88,-1.8799999999999957,15.29
1999-04,15.29,106.19801330566406,112.34139251708984,103.2333755493164,74.28,74.0,-0.28,0.2800000000000011,15.23
1999-05,15.23,85.44113159179688,89.3775634765625,80.67141723632812,74.11,72.01,-2.1,2.0999999999999943,15.86
1999-06,15.86,79.4105453491211,75.96134948730469,83.76152038574219,73.05,74.86,1.81,-1.8100000000000025,19.08
1999-07,19.08,62.14287185668945,66.83728790283203,54.25792694091797,74.67,74.42,-0.25,0.25,20.22
1999-08,20.22,62.858642578125,65.2621078491211,57.959991455078125,74.6,74.53,-0.07,0.0699999999999931,22.54
1999-09,22.54,69.58151245117188,75.54266357421875,62.21402740478516,74.71,75.13,0.42,-0.4200000000000017,22.0
1999-10,22.0,72.35348510742188,79.38410949707031,60.16195297241211,75.31,75.49,0.18,-0.1799999999999926,24.58
1999-11,24.58,57.9638671875,60.38698196411133,52.49796676635742,75.31,76.7,1.39,-1.3900000000000006,25.47
1999-12,25.47,86.0849380493164,95.51082611083984,86.46973419189453,74.62,79.5,4.87,-4.879999999999996,25.51
2000-01,25.51,64.45780944824219,65.57360076904297,64.25041198730469,74.46,75.48,1.02,-1.0200000000000102,27.78
2000-02,27.78,63.54172134399414,57.65135955810547,68.08216857910156,75.27,78.96,3.69,-3.6899999999999977,27.49
2000-03,27.49,50.10198593139648,55.03073501586914,40.81640625,75.38,77.85,2.47,-2.469999999999999,22.76
2000-04,22.76,48.6827392578125,53.30490493774414,40.91702651977539,75.97,74.38,-1.58,1.5900000000000034,27.74
2000-05,27.74,79.48287963867188,77.26969909667969,83.22781372070312,76.34,75.52,-0.82,0.8200000000000074,29.8
2000-06,29.8,64.71781921386719,73.57466888427734,53.17440032958984,75.98,76.19,0.21,-0.2099999999999937,28.68
2000-07,28.68,51.90402221679688,57.31697463989258,41.059078216552734,76.58,75.75,-0.83,0.8299999999999983,30.2
2000-08,30.2,46.49225616455078,49.192291259765625,41.58592224121094,77.14,78.5,1.36,-1.3599999999999994,33.14
2000-09,33.14,52.68999862670898,64.44499206542969,35.192142486572266,77.13,77.74,0.61,-0.6099999999999994,30.96
2000-10,30.96,76.45652770996094,82.38760375976562,77.61014556884766,77.87,76.93,-0.94,0.9399999999999976,32.55
2000-11,32.55,45.06056213378906,44.357688903808594,47.206809997558594,78.87,77.68,-1.19,1.1899999999999975,25.66
2000-12,25.66,45.39509963989258,46.16897964477539,43.98335266113281,76.98,79.25,2.28,-2.269999999999996,25.62
2001-01,25.62,46.89955520629883,53.70235824584961,38.34331893920898,77.26,78.84,1.59,-1.5799999999999983,27.5
2001-02,27.5,55.08771133422852,63.68989181518555,45.42667388916016,77.11,78.8,1.68,-1.6899999999999975,24.5
2001-03,24.5,61.70895385742188,66.72218322753906,56.86698913574219,77.69,78.56,0.86,-0.8700000000000045,25.66
2001-04,25.66,50.5687370300293,52.7736701965332,47.17219924926758,76.91,76.53,-0.38,0.3799999999999954,28.31
2001-05,28.31,60.376861572265625,61.344993591308594,56.86418914794922,76.27,76.68,0.41,-0.4100000000000108,27.85
2001-06,27.85,72.06433868408203,79.31310272216797,64.2144775390625,74.63,76.88,2.25,-2.25,24.61
2001-07,24.61,61.072940826416016,65.49278259277344,52.618770599365234,77.0,77.02,0.02,-0.019999999999996,25.68
2001-08,25.68,64.10773468017578,55.23207473754883,74.89220428466797,77.11,77.97,0.86,-0.8599999999999994,25.62
2001-09,25.62,498.64788818359375,260.16961669921875,841.177490234375,76.4,76.63,0.22,-0.2299999999999897,20.54
2001-10,20.54,512.5297241210938,261.347412109375,854.074951171875,76.61,77.84,1.24,-1.230000000000004,18.8
2001-11,18.8,306.785888671875,149.79522705078125,509.7461242675781,76.6,78.63,2.02,-2.030000000000001,18.71
2001-12,18.71,236.0997467041016,126.19801330566406,381.9725036621094,76.53,78.41,1.88,-1.8799999999999957,19.42
2002-01,19.42,172.47720336914062,106.9162368774414,262.2870178222656,76.22,78.56,2.34,-2.3400000000000034,20.28
2002-02,20.28,146.1857147216797,95.78031158447266,212.90550231933597,76.44,79.08,2.64,-2.640000000000001,23.7
2002-03,23.7,151.9763641357422,99.12334442138672,219.9688415527344,75.83,78.27,2.45,-2.4399999999999977,25.73
2002-04,25.73,157.49655151367188,100.74444580078124,225.64035034179688,75.07,77.51,2.44,-2.440000000000012,25.35
2002-05,25.35,163.3223114013672,142.246826171875,209.4087829589844,75.88,76.59,0.71,-0.710000000000008,24.08
2002-06,24.08,149.33042907714844,127.7907485961914,189.1234893798828,75.75,77.46,1.71,-1.7099999999999935,25.74
2002-07,25.74,122.7783432006836,94.34967803955078,168.41973876953125,76.69,78.74,2.04,-2.049999999999997,26.65
2002-08,26.65,127.06451416015624,101.69573974609376,157.46444702148438,76.51,78.3,1.79,-1.789999999999992,28.4
2002-09,28.4,174.90333557128906,174.5314483642578,188.7191925048828,76.53,78.02,1.49,-1.4899999999999949,27.54
2002-10,27.54,172.03192138671875,167.02581787109375,197.3990631103516,77.91,79.57,1.67,-1.6599999999999966,24.34
2002-11,24.34,159.12759399414062,155.0137481689453,179.06283569335938,78.23,80.25,2.01,-2.019999999999996,28.33
2002-12,28.33,175.8117218017578,182.9995574951172,175.19842529296875,77.3,80.97,3.67,-3.6700000000000017,31.18
2003-01,31.18,206.43460083007807,245.8175506591797,176.95985412597656,79.06,80.33,1.27,-1.269999999999996,32.77
2003-02,32.77,239.6109313964844,296.7597961425781,213.080322265625,80.45,82.51,2.06,-2.0600000000000023,30.61
2003-03,30.61,358.711181640625,362.41107177734375,429.1441955566406,80.4,79.61,-0.79,0.7900000000000063,25.0
2003-04,25.0,255.77517700195312,212.6054534912109,331.6032409667969,78.99,78.3,-0.69,0.6899999999999977,25.86
2003-05,25.86,162.1218719482422,153.3962860107422,186.8463592529297,78.83,77.91,-0.92,0.9200000000000016,27.65
2003-06,27.65,145.7697296142578,127.83353424072266,176.91827392578125,78.6,78.92,0.32,-0.3200000000000074,28.35
2003-07,28.35,134.89891052246094,108.3927993774414,167.4486541748047,79.35,79.92,0.57,-0.5700000000000074,29.89
2003-08,29.89,138.23092651367188,109.64905548095705,180.0001220703125,79.86,79.36,-0.5,0.5,27.11
2003-09,27.11,118.19628143310548,99.72046661376952,143.5571746826172,79.9,80.42,0.52,-0.519999999999996,29.61
2003-10,29.61,108.3173828125,93.02832794189452,129.9432830810547,81.14,81.58,0.44,-0.4399999999999977,28.75
2003-11,28.75,118.0866928100586,93.3315887451172,153.246337890625,81.67,80.64,-1.03,1.0300000000000011,29.81
2003-12,29.81,129.46507263183594,107.44403839111328,164.98052978515625,82.46,83.61,1.15,-1.1500000000000057,31.28
2004-01,31.28,113.46759033203124,106.71729278564452,126.08518981933594,82.1,81.99,-0.11,0.1099999999999994,30.86
2004-02,30.86,115.0759735107422,104.11482238769533,129.24427795410156,82.12,83.64,1.52,-1.519999999999996,33.63
2004-03,33.63,138.53207397460938,109.12393951416016,183.70297241210935,82.66,84.0,1.34,-1.3400000000000034,33.59
2004-04,33.59,149.6313934326172,121.14622497558594,205.3251953125,82.06,82.56,0.5,-0.5,37.57
2004-05,37.57,121.0911865234375,91.96539306640624,159.94842529296875,82.57,80.33,-2.24,2.239999999999995,35.18
2004-06,35.18,137.23391723632812,106.79373931884766,178.03662109375,83.99,83.47,-0.52,0.519999999999996,38.22
2004-07,38.22,131.0198516845703,121.2677764892578,159.81219482421875,84.39,83.09,-1.3,1.2999999999999972,42.74
2004-08,42.74,140.36582946777344,127.44524383544922,176.45431518554688,83.42,83.25,-0.18,0.1700000000000017,43.2
2004-09,43.2,153.87161254882812,130.20606994628906,189.355224609375,83.75,83.52,-0.23,0.2300000000000039,49.78
2004-10,49.78,119.86279296875,100.50788116455078,148.24447631835938,84.61,83.65,-0.96,0.9599999999999936,43.11
2004-11,43.11,122.70738983154295,98.92665100097656,151.67926025390625,84.84,84.91,0.07,-0.0699999999999931,39.6
2004-12,39.6,109.89522552490234,81.60477447509766,145.225341796875,84.38,86.6,2.22,-2.219999999999999,44.51
2005-01,44.51,100.88758850097656,78.19856262207031,128.5348663330078,83.88,84.44,0.56,-0.5600000000000023,45.48
2005-02,45.48,108.97796630859376,104.7703628540039,108.79598236083984,84.73,86.6,1.88,-1.8699999999999903,53.1
2005-03,53.1,90.41048431396484,87.22633361816406,87.87673950195312,84.55,86.12,1.58,-1.5700000000000074,51.88
2005-04,51.88,87.03240203857422,72.53263092041016,102.85391235351562,85.29,83.17,-2.12,2.1200000000000045,48.65
2005-05,48.65,98.20596313476562,89.93269348144531,104.9098892211914,85.54,82.36,-3.17,3.180000000000007,54.35
2005-06,54.35,81.12405395507812,69.88249969482422,93.4175262451172,84.76,85.74,0.98,-0.9799999999999898,57.52
2005-07,57.52,165.90191650390625,118.1835708618164,237.5650177001953,84.67,83.7,-0.97,0.9699999999999988,63.98
2005-08,63.98,116.2276611328125,92.68307495117188,143.29122924804688,84.99,85.61,0.62,-0.6200000000000045,62.91
2005-09,62.91,103.8076629638672,78.45670318603516,130.27203369140625,83.35,84.25,0.9,-0.9000000000000057,58.54
2005-10,58.54,87.06182861328125,73.18765258789062,105.56188201904295,84.06,82.21,-1.86,1.8500000000000083,55.24
2005-11,55.24,83.48009490966797,70.60446166992188,96.0295867919922,85.12,85.01,-0.1,0.1099999999999994,56.86
2005-12,56.86,95.35025024414062,69.64460754394531,130.6789093017578,85.18,87.09,1.9,-1.9099999999999968,62.99
2006-01,62.99,94.51001739501952,89.32347106933594,100.19158172607422,85.26,84.71,-0.54,0.5500000000000114,60.21
2006-02,60.21,95.85819244384766,89.40576171875,102.79864501953124,85.64,87.54,1.9,-1.9000000000000057,62.06
2006-03,62.06,92.79762268066406,88.04222869873047,97.03602600097656,85.41,86.8,1.39,-1.3900000000000006,70.26
2006-04,70.26,89.01580047607422,85.9110107421875,92.8307113647461,84.94,83.29,-1.65,1.6499999999999917,69.78
2006-05,69.78,85.20877838134766,84.03312683105469,82.27742767333984,84.5,84.16,-0.34,0.3400000000000034,68.56
2006-06,68.56,102.57276916503906,90.38453674316406,115.67947387695312,84.81,85.88,1.08,-1.0699999999999932,73.67
2006-07,73.67,137.13482666015625,134.39634704589844,142.0860595703125,86.12,84.72,-1.4,1.4000000000000057,73.23
2006-08,73.23,147.08111572265625,141.55645751953125,159.18817138671875,85.33,86.65,1.33,-1.3200000000000074,61.96
2006-09,61.96,111.72425842285156,110.28041076660156,114.77066802978516,85.11,86.02,0.91,-0.9099999999999966,57.81
2006-10,57.81,113.1352996826172,125.2918930053711,99.27391815185548,85.34,86.38,1.04,-1.039999999999992,58.76
2006-11,58.76,88.77892303466797,87.27577209472656,86.71051025390625,85.16,87.07,1.92,-1.9099999999999968,62.47
2006-12,62.47,90.60655975341795,95.78137969970705,78.7696533203125,84.8,86.46,1.66,-1.6599999999999966,53.68
2007-01,53.68,97.9200439453125,95.61344909667967,97.65373992919922,85.13,86.52,1.39,-1.3900000000000006,57.56
2007-02,57.56,96.16935729980467,98.1557388305664,90.95567321777344,85.64,88.23,2.58,-2.5900000000000034,62.05
2007-03,62.05,87.33650207519531,86.1521224975586,83.9186019897461,85.44,87.66,2.22,-2.219999999999999,67.49
2007-04,67.49,76.6133804321289,69.22551727294922,83.41928100585938,85.45,85.56,0.11,-0.1099999999999994,67.21
2007-05,67.21,92.5995864868164,82.30323028564453,103.89258575439452,84.9,86.24,1.34,-1.3399999999999892,71.05
2007-06,71.05,97.9723129272461,87.08059692382812,109.30941009521484,84.61,87.51,2.9,-2.9000000000000057,76.93
2007-07,76.93,112.34625244140624,103.2634048461914,127.13468170166016,85.58,87.53,1.95,-1.9500000000000028,70.76
2007-08,70.76,83.17320251464844,73.12574005126953,100.14825439453124,84.7,87.19,2.49,-2.489999999999995,77.17
2007-09,77.17,94.4888687133789,94.93997955322266,92.24872589111328,84.94,87.18,2.24,-2.240000000000009,82.34
2007-10,82.34,101.47301483154295,103.61026763916016,97.4951629638672,86.33,88.45,2.12,-2.1200000000000045,92.41
2007-11,92.41,89.79544830322266,95.7384796142578,81.56842803955078,85.93,88.56,2.63,-2.6299999999999955,90.93
2007-12,90.93,94.96749114990234,98.5313720703125,84.13076782226562,86.3,89.05,2.75,-2.75,92.18
2008-01,92.18,81.49982452392578,76.40237426757812,83.74764251708984,86.68,87.77,1.09,-1.0899999999999892,94.99
2008-02,94.99,80.75146484375,72.52851104736328,86.75279235839844,86.76,88.38,1.62,-1.6199999999999903,103.64
2008-03,103.64,77.63613891601562,72.02967834472656,83.48439025878906,86.98,88.19,1.21,-1.2099999999999935,109.07
2008-04,109.07,71.9048080444336,69.45796966552734,69.99274444580078,86.52,88.15,1.62,-1.6300000000000097,122.8
2008-05,122.8,72.57379913330078,70.67774963378906,74.78978729248047,87.25,87.09,-0.15,0.1599999999999966,132.32
2008-06,132.32,87.54842376708984,88.88606262207031,80.34490203857422,87.2,86.32,-0.88,0.8800000000000097,132.72
2008-07,132.72,89.73957061767578,84.3224868774414,88.16068267822266,88.2,87.22,-0.99,0.980000000000004,113.24
2008-08,113.24,88.55410766601562,75.76971435546875,105.06571197509766,87.26,86.08,-1.18,1.1800000000000068,97.23
2008-09,97.23,88.54255676269531,82.01426696777344,94.46100616455078,85.65,86.38,0.73,-0.7299999999999898,71.58
2008-10,71.58,64.15979766845703,53.11738967895508,75.28266143798828,87.25,87.18,-0.06,0.0699999999999931,52.45
2008-11,52.45,79.08097076416016,68.30364990234375,95.14356231689452,87.0,84.14,-2.86,2.8599999999999994,39.95
2008-12,39.95,92.3664321899414,83.84313201904297,109.21497344970705,85.7,85.8,0.1,-0.0999999999999943,43.44
2009-01,43.44,85.36947631835938,86.31317138671875,89.7125473022461,84.44,84.26,-0.18,0.1799999999999926,43.32
2009-02,43.32,67.45267486572266,64.77291107177734,64.58635711669922,84.97,85.67,0.7,-0.7000000000000028,46.54
2009-03,46.54,72.64462280273438,69.17710876464844,74.83297729492188,84.84,85.88,1.04,-1.039999999999992,50.18
2009-04,50.18,85.6884994506836,84.48536682128906,83.98128509521484,85.3,85.06,-0.25,0.2399999999999948,57.3
2009-05,57.3,89.68086242675781,86.63702392578125,92.64315032958984,85.26,84.1,-1.17,1.1600000000000108,68.61
2009-06,68.61,81.10958862304688,80.80081939697266,74.5913314819336,85.53,86.89,1.36,-1.3599999999999994,64.44
2009-07,64.44,83.43962097167969,82.10675048828125,80.12088012695312,86.44,87.05,0.62,-0.6099999999999994,72.51
2009-08,72.51,73.37187957763672,64.70917510986328,78.04385375976562,86.07,85.84,-0.23,0.2299999999999897,67.65
2009-09,67.65,92.8399887084961,97.492919921875,77.7846450805664,86.47,86.83,0.36,-0.3599999999999994,72.77
2009-10,72.77,90.57640075683594,88.22991180419922,90.4251480102539,86.96,86.98,0.03,-0.0200000000000102,76.66
2009-11,76.66,82.10176086425781,74.31538391113281,85.0097885131836,87.14,85.61,-1.53,1.5300000000000011,74.46
2009-12,74.46,92.94691467285156,89.34334564208984,95.87136840820312,86.65,88.72,2.07,-2.069999999999993,76.17
2010-01,76.17,91.58102416992188,84.97299194335938,100.41094207763672,86.37,84.21,-2.16,2.160000000000011,73.75
2010-02,73.75,80.72535705566406,78.84627532958984,80.71173858642578,86.79,88.95,2.15,-2.1599999999999966,78.83
2010-03,78.83,74.116943359375,73.49691009521484,70.03934478759766,87.06,88.62,1.56,-1.5600000000000025,84.82
2010-04,84.82,88.76158142089844,92.05691528320312,81.26840209960938,87.23,87.72,0.5,-0.4899999999999949,75.95
2010-05,75.95,88.95870971679688,87.49411010742188,85.85739135742188,87.45,86.16,-1.29,1.2900000000000065,74.76
2010-06,74.76,96.45369720458984,110.69171905517578,70.9886245727539,87.11,90.44,3.33,-3.3299999999999983,75.58
2010-07,75.58,79.38137817382812,75.18537902832031,84.04823303222656,87.44,88.44,1.0,-1.0,77.04
2010-08,77.04,80.99386596679688,71.95153045654297,85.98257446289062,87.36,89.74,2.38,-2.3799999999999955,77.84
2010-09,77.84,71.16854858398438,68.94754028320312,69.29395294189453,87.5,90.94,3.44,-3.4399999999999977,82.67
2010-10,82.67,65.99193572998047,62.0961799621582,76.16891479492188,87.79,88.3,0.51,-0.5099999999999909,85.28
2010-11,85.28,94.70516967773438,98.68914794921876,83.2665023803711,88.1,90.57,2.47,-2.469999999999999,91.45
2010-12,91.45,97.20389556884766,100.3976821899414,91.7621078491211,88.11,92.14,4.03,-4.030000000000001,96.52
2011-01,96.52,79.42161560058594,76.59356689453125,78.8069839477539,88.96,87.94,-1.02,1.019999999999996,103.72
2011-02,103.72,90.01448822021484,90.18933868408205,85.48683166503906,88.22,90.54,2.31,-2.3200000000000074,114.64
2011-03,114.64,136.8883056640625,126.96572875976562,157.47984313964844,87.32,89.11,1.79,-1.7900000000000065,123.26
2011-04,123.26,91.01776885986328,72.92317962646484,111.94474029541016,87.3,87.53,0.23,-0.2300000000000039,114.99
2011-05,114.99,105.34491729736328,95.5066375732422,123.82610321044922,87.15,87.73,0.58,-0.5799999999999983,113.83
2011-06,113.83,84.391845703125,71.39112854003906,98.27275848388672,88.06,89.68,1.61,-1.6200000000000043,116.97
2011-07,116.97,78.92475891113281,59.01904678344727,102.11175537109376,88.54,89.38,0.83,-0.8399999999999892,110.22
2011-08,110.22,86.95156860351562,63.504676818847656,112.49906158447266,89.07,91.18,2.11,-2.1100000000000136,112.83
2011-09,112.83,83.35044860839844,70.606689453125,95.26744079589844,88.4,90.35,1.95,-1.9499999999999889,109.55
2011-10,109.55,76.33993530273438,64.18510437011719,92.34331512451172,88.92,89.4,0.48,-0.480000000000004,110.77
2011-11,110.77,83.15767669677734,95.57453155517578,70.11003875732422,89.92,91.38,1.47,-1.4599999999999935,107.87
2011-12,107.87,85.34132385253906,88.89408111572266,77.47647857666016,90.29,91.02,0.73,-0.7299999999999898,110.69
2012-01,110.69,79.63497161865234,93.6095962524414,62.06843185424805,90.62,87.88,-2.74,2.740000000000009,119.33
2012-02,119.33,92.4458236694336,104.2074966430664,78.59986114501953,90.91,92.04,1.13,-1.1300000000000097,125.45
2012-03,125.45,88.75997924804688,87.85648345947266,85.85698699951172,90.64,90.08,-0.56,0.5600000000000023,119.75
2012-04,119.75,96.01668548583984,101.92078399658205,86.38436889648438,91.02,88.42,-2.6,2.5999999999999943,110.34
2012-05,110.34,78.17115783691406,80.6348876953125,69.74354553222656,90.63,90.55,-0.08,0.0799999999999983,95.16
2012-06,95.16,77.82243347167969,70.23216247558594,82.17473602294922,90.34,90.92,0.58,-0.5799999999999983,102.62
2012-07,102.62,82.80802154541016,79.33626556396484,91.00080108642578,90.84,91.77,0.93,-0.9299999999999926,113.36
2012-08,113.36,74.87835693359375,70.9891586303711,78.11161804199219,90.92,91.68,0.76,-0.7600000000000051,112.86
2012-09,112.86,69.28050994873047,68.40282440185547,65.87126159667969,90.19,90.2,0.02,-0.0100000000000051,111.71
2012-10,111.71,81.66366577148438,74.20600891113281,88.03089904785156,90.9,92.88,1.98,-1.9799999999999895,109.06
2012-11,109.06,81.38964080810547,75.65846252441406,89.04841613769531,91.39,92.75,1.36,-1.3599999999999994,109.49
2012-12,109.49,74.83155822753906,66.24052429199219,82.9786148071289,91.07,91.71,0.64,-0.6400000000000006,112.96
2013-01,112.96,90.6574935913086,84.139892578125,108.9493179321289,90.25,92.04,1.78,-1.7900000000000065,116.05
2013-02,116.05,81.59033203125,77.60531616210938,85.65817260742188,90.02,92.1,2.08,-2.0799999999999983,108.47
2013-03,108.47,75.89672088623047,81.89175415039062,69.39681243896484,90.28,90.79,0.5,-0.5100000000000051,102.25
2013-04,102.25,95.10787200927734,99.5219497680664,87.4727554321289,91.17,91.53,0.35,-0.3599999999999994,102.56
2013-05,102.56,83.71731567382812,75.3292236328125,98.22759246826172,91.3,91.81,0.51,-0.5100000000000051,102.92
2013-06,102.92,82.97300720214844,78.82188415527344,86.63420104980469,91.4,92.3,0.89,-0.8999999999999915,107.93
2013-07,107.93,73.97581481933594,71.55718994140625,72.67587280273438,92.26,94.27,2.01,-2.009999999999991,111.28
2013-08,111.28,90.95674896240234,80.73957824707031,106.97908782958984,92.09,92.24,0.15,-0.1499999999999914,111.6
2013-09,111.6,100.4593276977539,100.3842315673828,100.16348266601562,91.47,92.45,0.99,-0.980000000000004,109.08
2013-10,109.08,72.95311737060547,65.50166320800781,78.73002624511719,91.74,92.42,0.68,-0.6800000000000068,107.79
2013-11,107.79,77.77902221679688,92.4988784790039,52.43838119506836,92.05,94.01,1.96,-1.960000000000008,110.76
2013-12,110.76,70.37248992919922,70.09461212158203,66.79072570800781,92.21,93.85,1.64,-1.6400000000000006,108.12
2014-01,108.12,77.91596984863281,70.48076629638672,83.1458969116211,92.28,93.14,0.87,-0.8599999999999994,108.9
2014-02,108.9,69.00352478027344,73.27865600585938,59.08655548095703,92.8,94.42,1.62,-1.6200000000000043,107.48
2014-03,107.48,119.83855438232422,151.67477416992188,74.0618896484375,92.16,91.88,-0.28,0.2800000000000011,107.76
2014-04,107.76,93.22154235839844,113.13993072509766,60.90629959106445,92.46,93.69,1.23,-1.230000000000004,109.54
2014-05,109.54,83.4288558959961,91.6987533569336,76.15043640136719,92.82,92.95,0.13,-0.1300000000000096,111.8
2014-06,111.8,98.76710510253906,95.32296752929688,107.18201446533205,93.62,93.81,0.19,-0.1899999999999977,106.77
2014-07,106.77,138.7539520263672,162.71510314941406,118.54683685302734,93.86,94.16,0.3,-0.2999999999999971,101.61
2014-08,101.61,136.44558715820312,158.59349060058594,112.11448669433594,94.36,94.01,-0.35,0.3499999999999943,97.09
2014-09,97.09,131.55665588378906,143.3953857421875,120.78192138671876,94.84,95.52,0.69,-0.6799999999999926,87.43
2014-10,87.43,83.66100311279297,86.33345031738281,77.19393157958984,96.08,94.07,-2.01,2.010000000000005,79.44
2014-11,79.44,84.38005065917969,88.46994018554688,76.33753204345703,95.57,93.98,-1.59,1.5899999999999892,62.34
2014-12,62.34,86.5262222290039,81.27322387695312,96.23736572265624,96.25,97.02,0.77,-0.769999999999996,47.76
2015-01,47.76,111.9856948852539,83.50390625,153.33984375,95.07,93.4,-1.67,1.6699999999999875,58.1
2015-02,58.1,111.92469787597656,118.22520446777344,107.79053497314452,94.92,96.58,1.66,-1.6599999999999966,55.89
2015-03,55.89,104.23526763916016,117.48873138427734,83.63285064697266,95.96,93.79,-2.17,2.1699999999999875,59.52
2015-04,59.52,102.19049072265624,110.18872833251952,95.08645629882812,96.03,95.56,-0.47,0.4699999999999988,64.08
2015-05,64.08,76.2623291015625,77.66873168945312,72.86188507080078,96.21,92.99,-3.21,3.219999999999999,61.48
2015-06,61.48,85.90596771240234,81.06608581542969,88.7894287109375,96.89,97.65,0.75,-0.7600000000000051,56.56
2015-07,56.56,106.80866241455078,120.8429718017578,86.16881561279297,97.41,97.65,0.24,-0.2400000000000091,46.52
2015-08,46.52,82.47853088378906,85.33859252929688,74.0282974243164,97.37,96.09,-1.28,1.2800000000000011,47.62
2015-09,47.62,98.7674560546875,115.88518524169922,79.34535217285156,97.05,97.37,0.32,-0.3200000000000074,48.43
2015-10,48.43,91.931884765625,79.726318359375,108.51441955566406,97.22,95.54,-1.69,1.6799999999999926,44.27
2015-11,44.27,150.71588134765625,113.04398345947266,213.99351501464844,97.65,94.99,-2.66,2.660000000000011,38.01
2015-12,38.01,148.23687744140625,115.224365234375,204.6312713623047,97.64,98.75,1.11,-1.1099999999999994,30.7
2016-01,30.7,118.21114349365234,124.23914337158205,109.5290985107422,97.34,93.41,-3.93,3.930000000000007,32.18
2016-02,32.18,103.74964904785156,91.322021484375,117.58201599121094,96.54,98.39,1.85,-1.8499999999999943,38.21
2016-03,38.21,109.72029113769533,98.02693176269533,127.76814270019533,96.6,97.43,0.83,-0.8300000000000125,41.58
2016-04,41.58,85.22145080566406,80.82244110107422,93.12298583984376,96.41,97.0,0.59,-0.5900000000000034,46.74
2016-05,46.74,88.3324203491211,84.46136474609375,93.63965606689452,95.97,96.43,0.46,-0.4600000000000079,48.25
2016-06,48.25,90.16812896728516,80.51286315917969,100.8573760986328,96.49,97.16,0.67,-0.6700000000000017,44.95
2016-07,44.95,114.6104507446289,97.0980453491211,145.14874267578125,97.55,96.44,-1.1,1.1099999999999994,45.84
2016-08,45.84,98.73848724365234,82.44046783447266,121.45369720458984,96.54,99.64,3.1,-3.0999999999999943,46.57
2016-09,46.57,104.54522705078124,95.48959350585938,121.15049743652344,96.72,97.43,0.71,-0.710000000000008,49.52
2016-10,49.52,85.74778747558594,79.64808654785156,100.30767822265624,97.92,96.05,-1.86,1.8700000000000043,44.73
2016-11,44.73,82.91875457763672,81.22564697265625,83.97505950927734,99.06,98.08,-0.98,0.980000000000004,53.31
2016-12,53.31,102.1804656982422,93.9366226196289,113.97946166992188,97.89,99.48,1.6,-1.5900000000000034,54.58
2017-01,54.58,105.20123291015624,108.2770004272461,103.17117309570312,97.39,96.05,-1.34,1.3400000000000034,54.87
2017-02,54.87,114.20635986328124,125.66468048095705,97.15160369873048,97.43,97.75,0.32,-0.3199999999999932,51.59
2017-03,51.59,96.63587951660156,95.8384246826172,95.67454528808594,97.11,99.73,2.62,-2.6200000000000045,52.31
2017-04,52.31,119.45992279052734,127.44654846191406,108.06884002685548,96.82,97.5,0.68,-0.6800000000000068,50.33
2017-05,50.33,102.57996368408205,102.35460662841795,99.70480346679688,97.93,99.99,2.06,-2.059999999999988,46.37
2017-06,46.37,126.7890167236328,113.16846466064452,146.67166137695312,98.42,101.8,3.38,-3.3799999999999955,48.48
2017-07,48.48,102.81346130371094,125.59920501708984,71.9550552368164,99.16,99.75,0.59,-0.5900000000000034,51.7
2017-08,51.7,138.5316162109375,160.02310180664062,108.43595123291016,98.55,100.0,1.45,-1.4500000000000028,56.15
2017-09,56.15,115.5344467163086,142.1448974609375,84.09626770019531,98.55,100.93,2.39,-2.3800000000000097,57.51
2017-10,57.51,91.4615707397461,109.23060607910156,69.15699768066406,99.18,99.29,0.1,-0.1099999999999994,62.71
2017-11,62.71,92.59601593017578,103.94397735595705,80.11587524414062,99.59,101.96,2.37,-2.3699999999999903,64.37
2017-12,64.37,82.71825408935547,95.908447265625,62.65747833251953,98.71,100.38,1.66,-1.6700000000000017,69.08
2018-01,69.08,92.42678833007812,107.64431762695312,75.66629028320312,99.03,98.15,-0.88,0.8799999999999955,65.32
2018-02,65.32,64.49137115478516,74.68311309814453,52.002201080322266,99.37,99.77,0.4,-0.3999999999999915,66.02
2018-03,66.02,111.96229553222656,146.9270782470703,64.55758666992188,99.64,99.95,0.31,-0.3100000000000023,72.11
2018-04,72.11,123.2634735107422,146.39566040039062,94.30585479736328,99.85,98.97,-0.88,0.8799999999999955,76.98
2018-05,76.98,125.66661834716795,172.21670532226562,63.21790313720703,99.93,99.69,-0.24,0.2400000000000091,74.41
2018-06,74.41,103.96858978271484,137.0244598388672,56.64043426513672,100.38,100.71,0.33,-0.3299999999999983,74.25
2018-07,74.25,110.02842712402344,129.1023406982422,84.4084701538086,101.36,101.12,-0.24,0.2399999999999948,72.53
2018-08,72.53,112.74168395996094,145.11407470703125,68.57559204101562,101.83,101.48,-0.35,0.3499999999999943,78.89
2018-09,78.89,75.05390930175781,88.62364196777344,51.16391754150391,101.7,100.18,-1.52,1.519999999999996,81.03
2018-10,81.03,92.0164794921875,115.21215057373048,61.15047454833984,102.36,100.14,-2.23,2.219999999999999,64.75
2018-11,64.75,80.40758514404297,105.16685485839844,47.40216827392578,102.68,100.48,-2.2,2.200000000000003,57.36
2018-12,57.36,90.607666015625,106.0626983642578,66.24092864990234,101.88,100.2,-1.68,1.6799999999999926,59.41
2019-01,59.41,87.42410278320312,112.98045349121094,55.7335090637207,100.02,99.49,-0.53,0.5300000000000011,63.96
2019-02,63.96,96.80016326904295,127.857421875,57.51169967651367,99.97,100.49,0.52,-0.519999999999996,66.14
2019-03,66.14,82.32829284667969,90.7895965576172,66.64120483398438,99.82,99.31,-0.51,0.5099999999999909,71.23
2019-04,71.23,79.25344848632812,95.45539855957033,57.51552963256836,100.21,100.4,0.19,-0.1900000000000119,71.32
2019-05,71.32,106.4719009399414,134.97251892089844,64.66343688964844,100.13,100.12,-0.01,0.0099999999999909,64.22
2019-06,64.22,106.58845520019533,142.6534881591797,53.42063903808594,100.39,101.06,0.67,-0.6700000000000017,63.92
2019-07,63.92,93.52125549316406,126.93077850341795,47.41885757446289,99.94,102.12,2.18,-2.180000000000007,59.04
2019-08,59.04,103.4044189453125,124.72541809082033,70.09744262695312,101.07,102.06,0.99,-0.9900000000000092,62.83
2019-09,62.83,90.36798858642578,110.8709487915039,67.81023406982422,99.41,100.84,1.43,-1.4300000000000068,59.71
2019-10,59.71,97.83673095703124,121.31104278564452,69.96658325195312,101.3,100.29,-1.01,1.009999999999991,63.21
2019-11,63.21,73.07838439941406,84.5873031616211,53.03253173828125,101.89,101.05,-0.85,0.8400000000000034,67.31
2019-12,67.31,74.27989196777344,80.11077117919922,63.33135223388672,101.77,101.5,-0.27,0.269999999999996,63.65
2020-01,63.65,138.4209442138672,190.8443603515625,81.65093994140625,101.18,93.96,-7.22,7.220000000000013,55.66
2020-02,55.66,75.95555877685547,87.1624526977539,56.68605041503906,100.16,95.22,-4.94,4.939999999999998,32.01
2020-03,32.01,81.54003143310547,97.09007263183594,62.90298843383789,100.28,91.13,-9.16,9.150000000000006,18.38
2020-04,18.38,69.33940124511719,81.76082611083984,47.59123229980469,99.69,83.67,-16.03,16.019999999999996,29.38
2020-05,29.38,68.50721740722656,83.35546112060547,42.29555892944336,88.34,86.36,-1.98,1.980000000000004,40.27
2020-06,40.27,71.22785949707031,85.86660766601562,49.760887145996094,88.31,90.06,1.75,-1.75,43.24
2020-07,43.24,66.47328186035156,88.73797607421875,36.25208282470703,90.29,92.15,1.86,-1.8599999999999997,44.74
2020-08,44.74,65.46604919433594,90.00911712646484,28.454627990722656,91.2,91.77,0.57,-0.5699999999999932,40.91
2020-09,40.91,80.37738037109375,101.25764465332033,49.51808166503906,91.12,93.25,2.12,-2.1299999999999955,40.19
2020-10,40.19,76.08316802978516,97.65258026123048,42.68144226074219,91.52,92.29,0.77,-0.7700000000000102,42.69
2020-11,42.69,70.06746673583984,79.03644561767578,62.31394577026367,93.09,93.09,-0.0,0.0,49.99
2020-12,49.99,64.06729125976562,86.81527709960938,31.744428634643555,93.22,93.92,0.7,-0.7000000000000028,54.77
2021-01,54.77,77.418701171875,98.47562408447266,48.2874870300293,93.77,92.84,-0.94,0.9299999999999926,62.28
2021-02,62.28,73.95680236816406,94.48355865478516,46.326778411865234,90.64,94.31,3.67,-3.6700000000000017,65.41
2021-03,65.41,78.61876678466797,100.85202026367188,49.41804122924805,93.85,95.71,1.86,-1.8599999999999997,64.81
2021-04,64.81,88.16622161865234,109.5869598388672,67.87379455566406,93.98,95.77,1.8,-1.789999999999992,68.53
2021-05,68.53,93.00713348388672,120.7828369140625,52.62611389160156,94.94,96.11,1.17,-1.1700000000000017,73.16
2021-06,73.16,74.12712097167969,92.54654693603516,46.34864044189453,95.36,98.94,3.58,-3.5799999999999983,75.17
2021-07,75.17,58.42076873779297,64.03631591796875,50.7158317565918,97.0,98.56,1.56,-1.5600000000000025,70.75
2021-08,70.75,89.4865493774414,103.20159149169922,76.48285675048828,96.39,98.37,1.98,-1.980000000000004,74.49
2021-09,74.49,80.69696807861328,92.0473175048828,67.94027709960938,96.67,99.34,2.67,-2.6700000000000017,83.54
2021-10,83.54,79.02923583984375,93.80802917480467,61.149112701416016,98.03,98.48,0.45,-0.4500000000000028,81.05
2021-11,81.05,86.56914520263672,121.5009536743164,39.74269104003906,98.89,99.58,0.69,-0.6899999999999977,74.17
2021-12,74.17,105.34542083740234,155.3102569580078,47.65493392944336,98.27,101.05,2.78,-2.780000000000001,86.51
2022-01,86.51,138.67498779296875,199.48751831054688,63.25152969360352,98.16,97.19,-0.97,0.9699999999999988,97.13
2022-02,97.13,216.1590118408203,320.6058654785156,105.2183074951172,99.36,100.44,1.08,-1.0799999999999983,117.25
2022-03,117.25,318.9549255371094,403.713623046875,250.9558563232422,99.89,99.21,-0.68,0.6800000000000068,104.58
2022-04,104.58,191.14309692382807,221.9105529785156,184.41781616210935,99.32,97.9,-1.42,1.4199999999999875,113.34
2022-05,113.34,142.25848388671875,166.424560546875,140.13734436035156,99.29,99.18,-0.11,0.1099999999999994,122.71
2022-06,122.71,130.7073211669922,160.72695922851562,114.81468963623048,99.81,100.99,1.18,-1.1799999999999926,111.93
2022-07,111.93,117.17676544189452,141.24293518066406,97.83872985839844,100.93,100.21,-0.72,0.7200000000000131,100.45
2022-08,100.45,132.86322021484375,159.38302612304688,111.15857696533205,101.47,100.78,-0.7,0.6899999999999977,89.76
2022-09,89.76,131.98587036132812,170.31179809570312,108.6280746459961,102.0,101.05,-0.95,0.9500000000000028,93.33
2022-10,93.33,143.16241455078125,185.2843017578125,112.6750259399414,102.16,98.82,-3.34,3.3400000000000034,91.42
2022-11,91.42,116.7162857055664,143.0465545654297,98.68260955810548,102.33,100.36,-1.98,1.9699999999999989,80.92
2022-12,80.92,111.19593811035156,119.1385269165039,109.772216796875,100.7,100.93,0.23,-0.2300000000000039,82.5
2023-01,82.5,104.2670440673828,113.02135467529295,94.62993621826172,101.44,97.97,-3.47,3.469999999999999,82.59
2023-02,82.59,120.99437713623048,147.05015563964844,103.02875518798828,102.03,101.6,-0.44,0.4300000000000068,78.43
2023-03,78.43,105.37997436523438,125.08584594726562,86.75404357910156,102.39,101.05,-1.34,1.3400000000000034,84.64
2023-04,84.64,106.80965423583984,118.16682434082033,93.2484130859375,102.16,100.08,-2.07,2.0799999999999983,75.47
2023-05,75.47,108.46768188476562,122.47150421142578,92.75943756103516,101.68,101.5,-0.18,0.1800000000000068,74.84
2023-06,74.84,110.52894592285156,129.40652465820312,95.2789077758789,102.55,103.2,0.65,-0.6500000000000057,80.11
2023-07,80.11,107.44878387451172,123.80915069580078,91.76800537109376,102.07,101.85,-0.22,0.2199999999999988,86.15
2023-08,86.15,101.14118194580078,117.60943603515624,83.60504913330078,101.8,102.11,0.31,-0.3100000000000023,93.72
2023-09,93.72,98.6348114013672,125.65179443359376,68.4659194946289,102.87,102.07,-0.8,0.8000000000000114,90.6
2023-10,90.6,197.8870086669922,205.04005432128903,221.80393981933597,103.14,101.52,-1.62,1.6200000000000043,82.94
2023-11,82.94,156.69613647460938,143.49435424804688,189.5543975830078,103.94,102.43,-1.51,1.509999999999991,77.63
2023-12,77.63,142.2794647216797,136.1783905029297,173.96380615234375,103.92,102.61,-1.31,1.3100000000000025,80.12
2024-01,80.12,160.3736572265625,140.83609008789062,208.4711456298828,101.5,100.03,-1.47,1.4699999999999989,83.48
2024-02,83.48,146.59817504882812,140.2446746826172,171.18118286132812,102.75,102.22,-0.54,0.5300000000000011,85.41
2024-03,85.41,133.21316528320312,121.53968048095705,151.81399536132812,103.53,101.61,-1.92,1.9200000000000017,89.94
2024-04,89.94,163.9473419189453,170.697998046875,165.99069213867188,103.42,102.47,-0.95,0.9500000000000028,81.75
2024-05,81.75,130.52186584472656,131.44712829589844,133.154296875,103.02,103.44,0.42,-0.4200000000000017,82.25
2024-06,82.25,113.0927963256836,125.71302795410156,109.73841094970705,103.02,104.12,1.1,-1.1000000000000083,85.15
2024-07,85.15,92.3948745727539,95.1602783203125,95.11029815673828,103.19,104.28,1.1,-1.0900000000000034,80.36
2024-08,80.36,140.97506713867188,124.80498504638672,165.17947387695312,103.51,103.81,0.3,-0.2999999999999971,74.02
2024-09,74.02,130.35877990722656,134.03704833984375,135.5546112060547,102.41,103.7,1.28,-1.2900000000000065,75.63
2024-10,75.63,130.689208984375,128.40969848632812,142.81838989257812,103.75,104.01,0.25,-0.2600000000000051,74.35
2024-11,74.35,128.90164184570312,139.14866638183594,127.42887115478516,103.9,103.64,-0.25,0.2600000000000051,73.86
2024-12,73.86,142.36643981933594,128.26246643066406,164.81373596191406,103.8,103.86,0.05,-0.0600000000000022,79.27
2025-01,79.27,113.233154296875,117.08644104003906,109.50493621826172,102.67,102.01,-0.66,0.6599999999999966,75.44
2025-02,75.44,136.9805908203125,138.7676544189453,140.7871551513672,103.21,103.54,0.33,-0.3300000000000125,72.73
2025-03,72.73,175.901123046875,195.67752075195312,159.82244873046875,104.7,102.31,-2.38,2.390000000000001,68.13
2025-04,68.13,141.1845245361328,159.26712036132812,132.4676055908203,104.4,103.59,-0.8,0.8100000000000023,64.45
2025-05,64.45,167.42288208007812,206.15826416015625,149.22117614746094,104.92,103.51,-1.4,1.4099999999999966,71.44
2025-06,71.44,222.58563232421875,288.1604919433594,183.7299652099609,106.11,105.76,-0.35,0.3499999999999943,71.04
2025-07,71.04,134.64071655273438,156.7975311279297,119.74867248535156,107.09,105.42,-1.68,1.6700000000000017,67.87
2025-08,67.87,138.98846435546875,160.41519165039062,121.7310562133789,107.63,104.49,-3.15,3.140000000000001,67.99
2025-09,67.99,125.86952209472656,141.8061065673828,114.78914642333984,108.81,105.85,-2.96,2.960000000000008,64.54
2025-10,64.54,153.4799346923828,166.6230010986328,151.14178466796875,108.55,104.44,-4.11,4.109999999999999,63.8
2025-11,63.8,103.939208984375,118.0085678100586,88.70289611816406,108.62,104.25,-4.37,4.3700000000000045,62.54
2025-12,62.54,132.48622131347656,146.3589324951172,123.5346221923828,107.97,106.2,-1.77,1.769999999999996,66.6
2026-01,66.6,168.62986755371094,220.17141723632807,100.22209930419922,105.96,102.48,-3.47,3.4799999999999898,70.89
2026-02,70.89,119.86540985107422,156.00601196289062,81.2406234741211,108.71,104.48,-4.23,4.22999999999999,103.13
2026-03,103.13,330.17681884765625,319.2039794921875,450.3603515625,96.9,102.14,5.24,-5.239999999999995,117.29
2026-04,117.29,250.28366088867188,268.60107421875,305.9411926269531,95.46,99.62,4.16,-4.160000000000011,107.14
2026-05,107.14,203.5819854736328,233.49290466308597,215.2461395263672,94.41,99.17,4.76,-4.760000000000005,85.4
2026-06,85.4,179.9416961669922,214.94244384765625,184.83316040039065,99.41,102.05,2.63,-2.640000000000001,83.76
