month,brent_price,GPR,GPRT,GPRA,brent_price_next_month
1987-05,18.58,98.65091705322266,97.37140655517578,95.23518371582031,18.86
1987-06,18.86,94.18240356445312,99.82925415039062,81.82940673828125,19.86
1987-07,19.86,98.87196350097656,107.52894592285156,88.26481628417969,18.98
1987-08,18.98,99.96844482421875,115.48031616210938,87.60133361816406,18.31
1987-09,18.31,121.16707611083984,143.4519805908203,97.5398178100586,18.76
1987-10,18.76,101.05858612060547,110.70101928710938,88.82691192626953,17.78
1987-11,17.78,96.15348815917969,110.79949951171875,75.88374328613281,17.05
1987-12,17.05,109.85638427734375,124.4972915649414,88.26872253417969,16.75
1988-01,16.75,83.20153045654297,87.14092254638672,72.89557647705078,15.73
1988-02,15.73,86.20614624023438,90.18925476074219,73.8230972290039,14.73
1988-03,14.73,110.20651245117188,105.9420166015625,109.30101776123047,16.6
1988-04,16.6,119.45051574707031,113.93638610839844,128.48338317871094,16.31
1988-05,16.31,104.87347412109375,106.54883575439453,97.1541748046875,15.54
1988-06,15.54,79.70812225341797,74.01183319091797,81.0764389038086,14.91
1988-07,14.91,83.43048095703125,70.79203796386719,96.27418518066406,14.89
1988-08,14.89,84.05416107177734,73.71106719970703,93.28092193603516,13.18
1988-09,13.18,74.84265899658203,72.93437957763672,74.3477783203125,12.41
1988-10,12.41,73.45023345947266,71.80867004394531,65.83024597167969,13.02
1988-11,13.02,68.79841613769531,55.85908508300781,77.55838012695312,15.31
1988-12,15.31,90.39871978759766,82.27973937988281,94.38412475585938,17.17
1989-01,17.17,89.24658966064453,89.09522247314453,82.81503295898438,16.89
1989-02,16.89,91.6185531616211,88.43746948242188,91.77456665039062,18.7
1989-03,18.7,87.73377227783203,79.90110778808594,93.08662414550781,20.32
1989-04,20.32,83.57909393310547,77.83438873291016,84.56328582763672,18.63
1989-05,18.63,103.82850646972656,116.75053405761719,80.26698303222656,17.67
1989-06,17.67,89.46155548095703,97.67894744873047,68.48663330078125,17.62
1989-07,17.62,84.75310516357422,84.32604217529297,78.8324966430664,16.77
1989-08,16.77,109.17729187011719,115.9572525024414,115.18624114990234,17.77
1989-09,17.77,85.54584503173828,79.4195785522461,88.94374084472656,18.91
1989-10,18.91,69.52467346191406,68.15611267089844,64.53548431396484,18.73
1989-11,18.73,92.8287124633789,71.7497329711914,112.52256774902344,19.84
1989-12,19.84,112.55352783203125,101.52501678466797,128.65443420410156,21.25
1990-01,21.25,81.5440444946289,76.01142120361328,80.72607421875,19.81
1990-02,19.81,77.40721130371094,81.10881042480469,65.3890380859375,18.39
1990-03,18.39,67.5919418334961,68.18672180175781,59.72285842895508,16.61
1990-04,16.61,81.64384460449219,97.97654724121094,54.79267120361328,16.35
1990-05,16.35,86.40711975097656,97.81657409667969,66.84378051757812,15.1
1990-06,15.1,79.68110656738281,72.84642028808594,80.65287780761719,17.17
1990-07,17.17,85.78742980957031,82.36925506591797,81.84713745117188,27.17
1990-08,27.17,250.45108032226562,353.76312255859375,128.2501983642578,34.9
1990-09,34.9,188.66053771972656,262.1236267089844,106.9548110961914,36.02
1990-10,36.02,143.85256958007812,172.9463653564453,105.10758972167969,33.07
1990-11,33.07,158.74354553222656,201.18106079101562,115.40345764160156,28.27
1990-12,28.27,153.1624298095703,194.64852905273438,103.18325805664062,23.57
1991-01,23.57,379.2497863769531,360.0328063964844,479.7158508300781,19.54
1991-02,19.54,339.3580322265625,253.7916259765625,490.27374267578125,19.08
1991-03,19.08,148.61831665039062,133.98248291015625,171.39544677734375,19.18
1991-04,19.18,97.760009765625,100.77496337890625,88.50554656982422,19.19
1991-05,19.19,88.56902313232422,95.45738983154297,79.06768798828125,18.17
1991-06,18.17,87.73383331298828,99.7988510131836,69.48858642578125,19.4
1991-07,19.4,115.18467712402344,144.65106201171875,84.731201171875,19.77
1991-08,19.77,113.49502563476562,133.4146728515625,87.34529113769531,20.5
1991-09,20.5,117.94219207763672,154.14364624023438,74.79663848876953,22.21
1991-10,22.21,100.8318099975586,122.6444320678711,77.95648193359375,21.11
1991-11,21.11,100.7423324584961,120.3302230834961,77.58206176757812,18.41
1991-12,18.41,103.96953582763672,135.23251342773438,58.747432708740234,18.16
1992-01,18.16,102.95763397216797,126.1564712524414,69.45668029785156,18.05
1992-02,18.05,87.2034683227539,101.0959701538086,62.860504150390625,17.63
1992-03,17.63,85.29731750488281,107.12957000732422,53.69252014160156,18.92
1992-04,18.92,85.85562133789062,92.64119720458984,74.40125274658203,19.89
1992-05,19.89,78.96814727783203,93.08229064941406,56.43539047241211,21.16
1992-06,21.16,93.84909057617188,124.33613586425781,49.73001480102539,20.24
1992-07,20.24,75.19676971435547,92.42886352539062,51.642940521240234,19.74
1992-08,19.74,81.64519500732422,87.55679321289062,70.1595230102539,20.27
1992-09,20.27,74.6097183227539,92.68926239013672,45.73872375488281,20.26
1992-10,20.26,68.18277740478516,71.33625793457031,58.99306106567383,19.21
1992-11,19.21,91.00899505615234,109.6229248046875,68.5569076538086,18.14
1992-12,18.14,83.42096710205078,97.29403686523438,60.88547134399414,17.39
1993-01,17.39,128.91807556152344,144.89353942871094,114.82777404785156,18.47
1993-02,18.47,90.46806335449219,105.26100158691406,64.63740539550781,18.79
1993-03,18.79,94.24144744873047,99.9146728515625,80.28809356689453,18.67
1993-04,18.67,112.72166442871094,144.0390167236328,72.71391296386719,18.51
1993-05,18.51,110.72975158691406,137.38629150390625,77.88386535644531,17.65
1993-06,17.65,104.19525146484375,125.46405029296875,73.33211517333984,16.78
1993-07,16.78,123.31478881835938,131.75840759277344,107.0821533203125,16.7
1993-08,16.7,97.2416763305664,97.08562469482422,94.7355728149414,16.01
1993-09,16.01,89.16477966308594,97.45659637451172,76.93018341064453,16.61
1993-10,16.61,106.16590881347656,130.3068084716797,65.22377014160156,15.2
1993-11,15.2,83.48017883300781,105.1309585571289,51.35593795776367,13.73
1993-12,13.73,79.55179595947266,97.06568145751953,50.134674072265625,14.29
1994-01,14.29,83.48997497558594,93.09183502197266,65.27042388916016,13.8
1994-02,13.8,117.2420654296875,148.14723205566406,76.48810577392578,13.82
1994-03,13.82,93.47403717041016,98.56234741210938,79.4195327758789,15.23
1994-04,15.23,95.35697174072266,116.44586181640625,68.70893859863281,16.19
1994-05,16.19,104.46678924560547,122.97669982910156,73.90620422363281,16.76
1994-06,16.76,120.35224151611328,148.2960662841797,79.9498519897461,17.6
1994-07,17.6,99.6402359008789,115.40325927734375,75.47087860107422,16.89
1994-08,16.89,98.2270278930664,122.92201232910156,66.64015197753906,15.9
1994-09,15.9,98.89848327636719,131.31796264648438,51.336830139160156,16.49
1994-10,16.49,94.85363006591797,118.89933776855469,64.50569152832031,17.19
1994-11,17.19,86.5298080444336,100.79308319091797,70.68946075439453,15.93
1994-12,15.93,96.04750061035156,107.74173736572266,81.61609649658203,16.55
1995-01,16.55,80.15467834472656,84.89913940429688,70.47705841064453,17.11
1995-02,17.11,76.87532806396484,72.59407043457031,77.14599609375,17.01
1995-03,17.01,82.24444580078125,79.15904235839844,79.87528991699219,18.65
1995-04,18.65,99.19087982177734,93.92303466796875,99.14794158935547,18.35
1995-05,18.35,87.842529296875,96.40919494628906,79.34961700439453,17.31
1995-06,17.31,104.60775756835938,121.57904815673828,85.1209487915039,15.85
1995-07,15.85,107.64541625976562,115.32476806640625,100.19744873046875,16.1
1995-08,16.1,106.93478393554688,118.4973373413086,100.7674560546875,16.7
1995-09,16.7,71.20516967773438,72.98401641845703,68.81755065917969,16.11
1995-10,16.11,67.74150085449219,64.2778091430664,69.12648010253906,16.86
1995-11,16.86,76.33349609375,78.8126220703125,69.86588287353516,17.93
1995-12,17.93,65.67205810546875,68.98201751708984,55.363800048828125,17.85
1996-01,17.85,75.63492584228516,73.66007995605469,79.68246459960938,18.0
1996-02,18.0,80.4209213256836,85.9759750366211,69.15779113769531,19.85
1996-03,19.85,82.14761352539062,77.89100646972656,84.08819580078125,20.9
1996-04,20.9,84.82862091064453,71.23197174072266,98.6463623046875,19.15
1996-05,19.15,65.53082275390625,59.1929931640625,68.71073913574219,18.46
1996-06,18.46,69.08858489990234,72.52593231201172,61.67017364501953,19.57
1996-07,19.57,80.64431762695312,74.90693664550781,85.2721939086914,20.51
1996-08,20.51,81.6876449584961,81.7337417602539,85.69389343261719,22.63
1996-09,22.63,88.19697570800781,87.04828643798828,92.83900451660156,24.16
1996-10,24.16,55.586830139160156,56.879756927490234,49.54435729980469,22.76
1996-11,22.76,57.34461212158203,58.0576171875,51.038421630859375,23.78
1996-12,23.78,74.98263549804688,80.17862701416016,66.17648315429688,23.54
1997-01,23.54,54.062435150146484,53.25782775878906,55.227325439453125,20.85
1997-02,20.85,50.559940338134766,54.501365661621094,43.509159088134766,19.13
1997-03,19.13,58.48006057739258,56.36629867553711,59.907318115234375,17.56
1997-04,17.56,62.844486236572266,62.37605667114258,61.28048324584961,19.02
1997-05,19.02,53.57601547241211,53.54428482055664,49.572898864746094,17.58
1997-06,17.58,39.045623779296875,36.68563461303711,38.63948059082031,18.46
1997-07,18.46,47.69842529296875,47.428409576416016,43.43375015258789,18.6
1997-08,18.6,48.582298278808594,46.30862808227539,49.42500305175781,18.46
1997-09,18.46,42.6890869140625,41.63934326171875,41.08793258666992,19.87
1997-10,19.87,49.746307373046875,58.68946075439453,34.460205078125,19.17
1997-11,19.17,59.6933708190918,79.03630828857422,32.765533447265625,17.18
1997-12,17.18,43.998268127441406,48.36233139038086,35.839134216308594,15.19
1998-01,15.19,53.0963020324707,59.82126998901367,42.487815856933594,14.07
1998-02,14.07,77.59761810302734,101.84082794189453,45.368019104003906,13.1
1998-03,13.1,57.24806213378906,65.50199890136719,44.5167121887207,13.53
1998-04,13.53,50.99658203125,58.76738357543945,38.00284957885742,14.36
1998-05,14.36,94.4734878540039,129.79888916015625,43.802757263183594,12.21
1998-06,12.21,76.30907440185547,94.95468139648438,48.77885437011719,12.08
1998-07,12.08,54.04841613769531,64.22628021240234,38.29932403564453,11.91
1998-08,11.91,97.02085876464844,83.93855285644531,123.8387451171875,13.34
1998-09,13.34,62.51344299316406,68.4769515991211,55.129615783691406,12.7
1998-10,12.7,54.403648376464844,57.89592742919922,48.27804183959961,11.04
1998-11,11.04,67.96592712402344,88.07134246826172,38.602264404296875,9.82
1998-12,9.82,75.95989227294922,86.2803955078125,64.999755859375,11.11
1999-01,11.11,63.98722457885742,69.46121215820312,53.77272033691406,10.27
1999-02,10.27,58.316383361816406,67.28399658203125,44.1739501953125,12.51
1999-03,12.51,83.39727783203125,89.73835754394531,75.18807983398438,15.29
1999-04,15.29,106.19801330566406,112.34139251708984,103.2333755493164,15.23
1999-05,15.23,85.44113159179688,89.3775634765625,80.67141723632812,15.86
1999-06,15.86,79.4105453491211,75.96134948730469,83.76152038574219,19.08
1999-07,19.08,62.14287185668945,66.83728790283203,54.25792694091797,20.22
1999-08,20.22,62.858642578125,65.2621078491211,57.959991455078125,22.54
1999-09,22.54,69.58151245117188,75.54266357421875,62.214027404785156,22.0
1999-10,22.0,72.35348510742188,79.38410949707031,60.16195297241211,24.58
1999-11,24.58,57.9638671875,60.38698196411133,52.49796676635742,25.47
1999-12,25.47,86.0849380493164,95.51082611083984,86.46973419189453,25.51
2000-01,25.51,64.45780944824219,65.57360076904297,64.25041198730469,27.78
2000-02,27.78,63.54172134399414,57.65135955810547,68.08216857910156,27.49
2000-03,27.49,50.101985931396484,55.03073501586914,40.81640625,22.76
2000-04,22.76,48.6827392578125,53.30490493774414,40.91702651977539,27.74
2000-05,27.74,79.48287963867188,77.26969909667969,83.22781372070312,29.8
2000-06,29.8,64.71781921386719,73.57466888427734,53.174400329589844,28.68
2000-07,28.68,51.904022216796875,57.31697463989258,41.059078216552734,30.2
2000-08,30.2,46.49225616455078,49.192291259765625,41.58592224121094,33.14
2000-09,33.14,52.689998626708984,64.44499206542969,35.192142486572266,30.96
2000-10,30.96,76.45652770996094,82.38760375976562,77.61014556884766,32.55
2000-11,32.55,45.06056213378906,44.357688903808594,47.206809997558594,25.66
2000-12,25.66,45.39509963989258,46.16897964477539,43.98335266113281,25.62
2001-01,25.62,46.89955520629883,53.70235824584961,38.343318939208984,27.5
2001-02,27.5,55.087711334228516,63.68989181518555,45.426673889160156,24.5
2001-03,24.5,61.708953857421875,66.72218322753906,56.86698913574219,25.66
2001-04,25.66,50.5687370300293,52.7736701965332,47.17219924926758,28.31
2001-05,28.31,60.376861572265625,61.344993591308594,56.86418914794922,27.85
2001-06,27.85,72.06433868408203,79.31310272216797,64.2144775390625,24.61
2001-07,24.61,61.072940826416016,65.49278259277344,52.618770599365234,25.68
2001-08,25.68,64.10773468017578,55.23207473754883,74.89220428466797,25.62
2001-09,25.62,498.64788818359375,260.16961669921875,841.177490234375,20.54
2001-10,20.54,512.5297241210938,261.347412109375,854.074951171875,18.8
2001-11,18.8,306.785888671875,149.79522705078125,509.7461242675781,18.71
2001-12,18.71,236.09974670410156,126.19801330566406,381.9725036621094,19.42
2002-01,19.42,172.47720336914062,106.9162368774414,262.2870178222656,20.28
2002-02,20.28,146.1857147216797,95.78031158447266,212.90550231933594,23.7
2002-03,23.7,151.9763641357422,99.12334442138672,219.96884155273438,25.73
2002-04,25.73,157.49655151367188,100.74444580078125,225.64035034179688,25.35
2002-05,25.35,163.3223114013672,142.246826171875,209.40878295898438,24.08
2002-06,24.08,149.33042907714844,127.7907485961914,189.1234893798828,25.74
2002-07,25.74,122.7783432006836,94.34967803955078,168.41973876953125,26.65
2002-08,26.65,127.06451416015625,101.69573974609375,157.46444702148438,28.4
2002-09,28.4,174.90333557128906,174.5314483642578,188.7191925048828,27.54
2002-10,27.54,172.03192138671875,167.02581787109375,197.39906311035156,24.34
2002-11,24.34,159.12759399414062,155.0137481689453,179.06283569335938,28.33
2002-12,28.33,175.8117218017578,182.9995574951172,175.19842529296875,31.18
2003-01,31.18,206.43460083007812,245.8175506591797,176.95985412597656,32.77
2003-02,32.77,239.61093139648438,296.7597961425781,213.080322265625,30.61
2003-03,30.61,358.711181640625,362.41107177734375,429.1441955566406,25.0
2003-04,25.0,255.77517700195312,212.60545349121094,331.6032409667969,25.86
2003-05,25.86,162.1218719482422,153.3962860107422,186.8463592529297,27.65
2003-06,27.65,145.7697296142578,127.83353424072266,176.91827392578125,28.35
2003-07,28.35,134.89891052246094,108.3927993774414,167.4486541748047,29.89
2003-08,29.89,138.23092651367188,109.64905548095703,180.0001220703125,27.11
2003-09,27.11,118.19628143310547,99.72046661376953,143.5571746826172,29.61
2003-10,29.61,108.3173828125,93.02832794189453,129.9432830810547,28.75
2003-11,28.75,118.0866928100586,93.33158874511719,153.246337890625,29.81
2003-12,29.81,129.46507263183594,107.44403839111328,164.98052978515625,31.28
2004-01,31.28,113.46759033203125,106.71729278564453,126.08518981933594,30.86
2004-02,30.86,115.07597351074219,104.11482238769531,129.24427795410156,33.63
2004-03,33.63,138.53207397460938,109.12393951416016,183.70297241210938,33.59
2004-04,33.59,149.6313934326172,121.14622497558594,205.3251953125,37.57
2004-05,37.57,121.0911865234375,91.96539306640625,159.94842529296875,35.18
2004-06,35.18,137.23391723632812,106.79373931884766,178.03662109375,38.22
2004-07,38.22,131.0198516845703,121.26777648925781,159.81219482421875,42.74
2004-08,42.74,140.36582946777344,127.44524383544922,176.45431518554688,43.2
2004-09,43.2,153.87161254882812,130.20606994628906,189.355224609375,49.78
2004-10,49.78,119.86279296875,100.50788116455078,148.24447631835938,43.11
2004-11,43.11,122.70738983154297,98.92665100097656,151.67926025390625,39.6
2004-12,39.6,109.89522552490234,81.60477447509766,145.225341796875,44.51
2005-01,44.51,100.88758850097656,78.19856262207031,128.5348663330078,45.48
2005-02,45.48,108.97796630859375,104.7703628540039,108.79598236083984,53.1
2005-03,53.1,90.41048431396484,87.22633361816406,87.87673950195312,51.88
2005-04,51.88,87.03240203857422,72.53263092041016,102.85391235351562,48.65
2005-05,48.65,98.20596313476562,89.93269348144531,104.9098892211914,54.35
2005-06,54.35,81.12405395507812,69.88249969482422,93.41752624511719,57.52
2005-07,57.52,165.90191650390625,118.1835708618164,237.5650177001953,63.98
2005-08,63.98,116.2276611328125,92.68307495117188,143.29122924804688,62.91
2005-09,62.91,103.80766296386719,78.45670318603516,130.27203369140625,58.54
2005-10,58.54,87.06182861328125,73.18765258789062,105.56188201904297,55.24
2005-11,55.24,83.48009490966797,70.60446166992188,96.02958679199219,56.86
2005-12,56.86,95.35025024414062,69.64460754394531,130.6789093017578,62.99
2006-01,62.99,94.51001739501953,89.32347106933594,100.19158172607422,60.21
2006-02,60.21,95.85819244384766,89.40576171875,102.79864501953125,62.06
2006-03,62.06,92.79762268066406,88.04222869873047,97.03602600097656,70.26
2006-04,70.26,89.01580047607422,85.9110107421875,92.8307113647461,69.78
2006-05,69.78,85.20877838134766,84.03312683105469,82.27742767333984,68.56
2006-06,68.56,102.57276916503906,90.38453674316406,115.67947387695312,73.67
2006-07,73.67,137.13482666015625,134.39634704589844,142.0860595703125,73.23
2006-08,73.23,147.08111572265625,141.55645751953125,159.18817138671875,61.96
2006-09,61.96,111.72425842285156,110.28041076660156,114.77066802978516,57.81
2006-10,57.81,113.13529968261719,125.2918930053711,99.27391815185547,58.76
2006-11,58.76,88.77892303466797,87.27577209472656,86.71051025390625,62.47
2006-12,62.47,90.60655975341797,95.78137969970703,78.7696533203125,53.68
2007-01,53.68,97.9200439453125,95.61344909667969,97.65373992919922,57.56
2007-02,57.56,96.16935729980469,98.1557388305664,90.95567321777344,62.05
2007-03,62.05,87.33650207519531,86.1521224975586,83.9186019897461,67.49
2007-04,67.49,76.6133804321289,69.22551727294922,83.41928100585938,67.21
2007-05,67.21,92.5995864868164,82.30323028564453,103.89258575439453,71.05
2007-06,71.05,97.9723129272461,87.08059692382812,109.30941009521484,76.93
2007-07,76.93,112.34625244140625,103.2634048461914,127.13468170166016,70.76
2007-08,70.76,83.17320251464844,73.12574005126953,100.14825439453125,77.17
2007-09,77.17,94.4888687133789,94.93997955322266,92.24872589111328,82.34
2007-10,82.34,101.47301483154297,103.61026763916016,97.49516296386719,92.41
2007-11,92.41,89.79544830322266,95.73847961425781,81.56842803955078,90.93
2007-12,90.93,94.96749114990234,98.5313720703125,84.13076782226562,92.18
2008-01,92.18,81.49982452392578,76.40237426757812,83.74764251708984,94.99
2008-02,94.99,80.75146484375,72.52851104736328,86.75279235839844,103.64
2008-03,103.64,77.63613891601562,72.02967834472656,83.48439025878906,109.07
2008-04,109.07,71.9048080444336,69.45796966552734,69.99274444580078,122.8
2008-05,122.8,72.57379913330078,70.67774963378906,74.78978729248047,132.32
2008-06,132.32,87.54842376708984,88.88606262207031,80.34490203857422,132.72
2008-07,132.72,89.73957061767578,84.3224868774414,88.16068267822266,113.24
2008-08,113.24,88.55410766601562,75.76971435546875,105.06571197509766,97.23
2008-09,97.23,88.54255676269531,82.01426696777344,94.46100616455078,71.58
2008-10,71.58,64.15979766845703,53.11738967895508,75.28266143798828,52.45
2008-11,52.45,79.08097076416016,68.30364990234375,95.14356231689453,39.95
2008-12,39.95,92.3664321899414,83.84313201904297,109.21497344970703,43.44
2009-01,43.44,85.36947631835938,86.31317138671875,89.7125473022461,43.32
2009-02,43.32,67.45267486572266,64.77291107177734,64.58635711669922,46.54
2009-03,46.54,72.64462280273438,69.17710876464844,74.83297729492188,50.18
2009-04,50.18,85.6884994506836,84.48536682128906,83.98128509521484,57.3
2009-05,57.3,89.68086242675781,86.63702392578125,92.64315032958984,68.61
2009-06,68.61,81.10958862304688,80.80081939697266,74.5913314819336,64.44
2009-07,64.44,83.43962097167969,82.10675048828125,80.12088012695312,72.51
2009-08,72.51,73.37187957763672,64.70917510986328,78.04385375976562,67.65
2009-09,67.65,92.8399887084961,97.492919921875,77.7846450805664,72.77
2009-10,72.77,90.57640075683594,88.22991180419922,90.4251480102539,76.66
2009-11,76.66,82.10176086425781,74.31538391113281,85.0097885131836,74.46
2009-12,74.46,92.94691467285156,89.34334564208984,95.87136840820312,76.17
2010-01,76.17,91.58102416992188,84.97299194335938,100.41094207763672,73.75
2010-02,73.75,80.72535705566406,78.84627532958984,80.71173858642578,78.83
2010-03,78.83,74.116943359375,73.49691009521484,70.03934478759766,84.82
2010-04,84.82,88.76158142089844,92.05691528320312,81.26840209960938,75.95
2010-05,75.95,88.95870971679688,87.49411010742188,85.85739135742188,74.76
2010-06,74.76,96.45369720458984,110.69171905517578,70.9886245727539,75.58
2010-07,75.58,79.38137817382812,75.18537902832031,84.04823303222656,77.04
2010-08,77.04,80.99386596679688,71.95153045654297,85.98257446289062,77.84
2010-09,77.84,71.16854858398438,68.94754028320312,69.29395294189453,82.67
2010-10,82.67,65.99193572998047,62.0961799621582,76.16891479492188,85.28
2010-11,85.28,94.70516967773438,98.68914794921875,83.2665023803711,91.45
2010-12,91.45,97.20389556884766,100.3976821899414,91.7621078491211,96.52
2011-01,96.52,79.42161560058594,76.59356689453125,78.8069839477539,103.72
2011-02,103.72,90.01448822021484,90.18933868408203,85.48683166503906,114.64
2011-03,114.64,136.8883056640625,126.96572875976562,157.47984313964844,123.26
2011-04,123.26,91.01776885986328,72.92317962646484,111.94474029541016,114.99
2011-05,114.99,105.34491729736328,95.50663757324219,123.82610321044922,113.83
2011-06,113.83,84.391845703125,71.39112854003906,98.27275848388672,116.97
2011-07,116.97,78.92475891113281,59.019046783447266,102.11175537109375,110.22
2011-08,110.22,86.95156860351562,63.504676818847656,112.49906158447266,112.83
2011-09,112.83,83.35044860839844,70.606689453125,95.26744079589844,109.55
2011-10,109.55,76.33993530273438,64.18510437011719,92.34331512451172,110.77
2011-11,110.77,83.15767669677734,95.57453155517578,70.11003875732422,107.87
2011-12,107.87,85.34132385253906,88.89408111572266,77.47647857666016,110.69
2012-01,110.69,79.63497161865234,93.6095962524414,62.06843185424805,119.33
2012-02,119.33,92.4458236694336,104.2074966430664,78.59986114501953,125.45
2012-03,125.45,88.75997924804688,87.85648345947266,85.85698699951172,119.75
2012-04,119.75,96.01668548583984,101.92078399658203,86.38436889648438,110.34
2012-05,110.34,78.17115783691406,80.6348876953125,69.74354553222656,95.16
2012-06,95.16,77.82243347167969,70.23216247558594,82.17473602294922,102.62
2012-07,102.62,82.80802154541016,79.33626556396484,91.00080108642578,113.36
2012-08,113.36,74.87835693359375,70.9891586303711,78.11161804199219,112.86
2012-09,112.86,69.28050994873047,68.40282440185547,65.87126159667969,111.71
2012-10,111.71,81.66366577148438,74.20600891113281,88.03089904785156,109.06
2012-11,109.06,81.38964080810547,75.65846252441406,89.04841613769531,109.49
2012-12,109.49,74.83155822753906,66.24052429199219,82.9786148071289,112.96
2013-01,112.96,90.6574935913086,84.139892578125,108.9493179321289,116.05
2013-02,116.05,81.59033203125,77.60531616210938,85.65817260742188,108.47
2013-03,108.47,75.89672088623047,81.89175415039062,69.39681243896484,102.25
2013-04,102.25,95.10787200927734,99.5219497680664,87.4727554321289,102.56
2013-05,102.56,83.71731567382812,75.3292236328125,98.22759246826172,102.92
2013-06,102.92,82.97300720214844,78.82188415527344,86.63420104980469,107.93
2013-07,107.93,73.97581481933594,71.55718994140625,72.67587280273438,111.28
2013-08,111.28,90.95674896240234,80.73957824707031,106.97908782958984,111.6
2013-09,111.6,100.4593276977539,100.38423156738281,100.16348266601562,109.08
2013-10,109.08,72.95311737060547,65.50166320800781,78.73002624511719,107.79
2013-11,107.79,77.77902221679688,92.4988784790039,52.43838119506836,110.76
2013-12,110.76,70.37248992919922,70.09461212158203,66.79072570800781,108.12
2014-01,108.12,77.91596984863281,70.48076629638672,83.1458969116211,108.9
2014-02,108.9,69.00352478027344,73.27865600585938,59.08655548095703,107.48
2014-03,107.48,119.83855438232422,151.67477416992188,74.0618896484375,107.76
2014-04,107.76,93.22154235839844,113.13993072509766,60.90629959106445,109.54
2014-05,109.54,83.4288558959961,91.6987533569336,76.15043640136719,111.8
2014-06,111.8,98.76710510253906,95.32296752929688,107.18201446533203,106.77
2014-07,106.77,138.7539520263672,162.71510314941406,118.54683685302734,101.61
2014-08,101.61,136.44558715820312,158.59349060058594,112.11448669433594,97.09
2014-09,97.09,131.55665588378906,143.3953857421875,120.78192138671875,87.43
2014-10,87.43,83.66100311279297,86.33345031738281,77.19393157958984,79.44
2014-11,79.44,84.38005065917969,88.46994018554688,76.33753204345703,62.34
2014-12,62.34,86.5262222290039,81.27322387695312,96.23736572265625,47.76
2015-01,47.76,111.9856948852539,83.50390625,153.33984375,58.1
2015-02,58.1,111.92469787597656,118.22520446777344,107.79053497314453,55.89
2015-03,55.89,104.23526763916016,117.48873138427734,83.63285064697266,59.52
2015-04,59.52,102.19049072265625,110.18872833251953,95.08645629882812,64.08
2015-05,64.08,76.2623291015625,77.66873168945312,72.86188507080078,61.48
2015-06,61.48,85.90596771240234,81.06608581542969,88.7894287109375,56.56
2015-07,56.56,106.80866241455078,120.84297180175781,86.16881561279297,46.52
2015-08,46.52,82.47853088378906,85.33859252929688,74.0282974243164,47.62
2015-09,47.62,98.7674560546875,115.88518524169922,79.34535217285156,48.43
2015-10,48.43,91.931884765625,79.726318359375,108.51441955566406,44.27
2015-11,44.27,150.71588134765625,113.04398345947266,213.99351501464844,38.01
2015-12,38.01,148.23687744140625,115.224365234375,204.6312713623047,30.7
2016-01,30.7,118.21114349365234,124.23914337158203,109.52909851074219,32.18
2016-02,32.18,103.74964904785156,91.322021484375,117.58201599121094,38.21
2016-03,38.21,109.72029113769531,98.02693176269531,127.76814270019531,41.58
2016-04,41.58,85.22145080566406,80.82244110107422,93.12298583984375,46.74
2016-05,46.74,88.3324203491211,84.46136474609375,93.63965606689453,48.25
2016-06,48.25,90.16812896728516,80.51286315917969,100.85737609863281,44.95
2016-07,44.95,114.6104507446289,97.0980453491211,145.14874267578125,45.84
2016-08,45.84,98.73848724365234,82.44046783447266,121.45369720458984,46.57
2016-09,46.57,104.54522705078125,95.48959350585938,121.15049743652344,49.52
2016-10,49.52,85.74778747558594,79.64808654785156,100.30767822265625,44.73
2016-11,44.73,82.91875457763672,81.22564697265625,83.97505950927734,53.31
2016-12,53.31,102.18046569824219,93.9366226196289,113.97946166992188,54.58
2017-01,54.58,105.20123291015625,108.2770004272461,103.17117309570312,54.87
2017-02,54.87,114.20635986328125,125.66468048095703,97.15160369873047,51.59
2017-03,51.59,96.63587951660156,95.83842468261719,95.67454528808594,52.31
2017-04,52.31,119.45992279052734,127.44654846191406,108.06884002685547,50.33
2017-05,50.33,102.57996368408203,102.35460662841797,99.70480346679688,46.37
2017-06,46.37,126.78901672363281,113.16846466064453,146.67166137695312,48.48
2017-07,48.48,102.81346130371094,125.59920501708984,71.9550552368164,51.7
2017-08,51.7,138.5316162109375,160.02310180664062,108.43595123291016,56.15
2017-09,56.15,115.5344467163086,142.1448974609375,84.09626770019531,57.51
2017-10,57.51,91.4615707397461,109.23060607910156,69.15699768066406,62.71
2017-11,62.71,92.59601593017578,103.94397735595703,80.11587524414062,64.37
2017-12,64.37,82.71825408935547,95.908447265625,62.65747833251953,69.08
2018-01,69.08,92.42678833007812,107.64431762695312,75.66629028320312,65.32
2018-02,65.32,64.49137115478516,74.68311309814453,52.002201080322266,66.02
2018-03,66.02,111.96229553222656,146.9270782470703,64.55758666992188,72.11
2018-04,72.11,123.26347351074219,146.39566040039062,94.30585479736328,76.98
2018-05,76.98,125.66661834716797,172.21670532226562,63.21790313720703,74.41
2018-06,74.41,103.96858978271484,137.0244598388672,56.64043426513672,74.25
2018-07,74.25,110.02842712402344,129.1023406982422,84.4084701538086,72.53
2018-08,72.53,112.74168395996094,145.11407470703125,68.57559204101562,78.89
2018-09,78.89,75.05390930175781,88.62364196777344,51.163917541503906,81.03
2018-10,81.03,92.0164794921875,115.21215057373047,61.150474548339844,64.75
2018-11,64.75,80.40758514404297,105.16685485839844,47.40216827392578,57.36
2018-12,57.36,90.607666015625,106.06269836425781,66.24092864990234,59.41
2019-01,59.41,87.42410278320312,112.98045349121094,55.7335090637207,63.96
2019-02,63.96,96.80016326904297,127.857421875,57.51169967651367,66.14
2019-03,66.14,82.32829284667969,90.78959655761719,66.64120483398438,71.23
2019-04,71.23,79.25344848632812,95.45539855957031,57.51552963256836,71.32
2019-05,71.32,106.4719009399414,134.97251892089844,64.66343688964844,64.22
2019-06,64.22,106.58845520019531,142.6534881591797,53.42063903808594,63.92
2019-07,63.92,93.52125549316406,126.93077850341797,47.41885757446289,59.04
2019-08,59.04,103.4044189453125,124.72541809082031,70.09744262695312,62.83
2019-09,62.83,90.36798858642578,110.8709487915039,67.81023406982422,59.71
2019-10,59.71,97.83673095703125,121.31104278564453,69.96658325195312,63.21
2019-11,63.21,73.07838439941406,84.5873031616211,53.03253173828125,67.31
2019-12,67.31,74.27989196777344,80.11077117919922,63.33135223388672,63.65
2020-01,63.65,138.4209442138672,190.8443603515625,81.65093994140625,55.66
2020-02,55.66,75.95555877685547,87.1624526977539,56.68605041503906,32.01
2020-03,32.01,81.54003143310547,97.09007263183594,62.90298843383789,18.38
2020-04,18.38,69.33940124511719,81.76082611083984,47.59123229980469,29.38
2020-05,29.38,68.50721740722656,83.35546112060547,42.29555892944336,40.27
2020-06,40.27,71.22785949707031,85.86660766601562,49.760887145996094,43.24
2020-07,43.24,66.47328186035156,88.73797607421875,36.25208282470703,44.74
2020-08,44.74,65.46604919433594,90.00911712646484,28.454627990722656,40.91
2020-09,40.91,80.37738037109375,101.25764465332031,49.51808166503906,40.19
2020-10,40.19,76.08316802978516,97.65258026123047,42.68144226074219,42.69
2020-11,42.69,70.06746673583984,79.03644561767578,62.31394577026367,49.99
2020-12,49.99,64.06729125976562,86.81527709960938,31.744428634643555,54.77
2021-01,54.77,77.418701171875,98.47562408447266,48.2874870300293,62.28
2021-02,62.28,73.95680236816406,94.48355865478516,46.326778411865234,65.41
2021-03,65.41,78.61876678466797,100.85202026367188,49.41804122924805,64.81
2021-04,64.81,88.16622161865234,109.58695983886719,67.87379455566406,68.53
2021-05,68.53,93.00713348388672,120.7828369140625,52.62611389160156,73.16
2021-06,73.16,74.12712097167969,92.54654693603516,46.34864044189453,75.17
2021-07,75.17,58.42076873779297,64.03631591796875,50.7158317565918,70.75
2021-08,70.75,89.4865493774414,103.20159149169922,76.48285675048828,74.49
2021-09,74.49,80.69696807861328,92.04731750488281,67.94027709960938,83.54
2021-10,83.54,79.02923583984375,93.80802917480469,61.149112701416016,81.05
2021-11,81.05,86.56914520263672,121.5009536743164,39.74269104003906,74.17
2021-12,74.17,105.34542083740234,155.3102569580078,47.65493392944336,86.51
2022-01,86.51,138.67498779296875,199.48751831054688,63.251529693603516,97.13
2022-02,97.13,216.1590118408203,320.6058654785156,105.21830749511719,117.25
2022-03,117.25,318.9549255371094,403.713623046875,250.9558563232422,104.58
2022-04,104.58,191.14309692382812,221.91055297851562,184.41781616210938,113.34
2022-05,113.34,142.25848388671875,166.424560546875,140.13734436035156,122.71
2022-06,122.71,130.7073211669922,160.72695922851562,114.81468963623047,111.93
2022-07,111.93,117.17676544189453,141.24293518066406,97.83872985839844,100.45
2022-08,100.45,132.86322021484375,159.38302612304688,111.15857696533203,89.76
2022-09,89.76,131.98587036132812,170.31179809570312,108.6280746459961,93.33
2022-10,93.33,143.16241455078125,185.2843017578125,112.6750259399414,91.42
2022-11,91.42,116.7162857055664,143.0465545654297,98.68260955810547,80.92
2022-12,80.92,111.19593811035156,119.1385269165039,109.772216796875,82.5
2023-01,82.5,104.26704406738281,113.02135467529297,94.62993621826172,82.59
2023-02,82.59,120.99437713623047,147.05015563964844,103.02875518798828,78.43
2023-03,78.43,105.37997436523438,125.08584594726562,86.75404357910156,84.64
2023-04,84.64,106.80965423583984,118.16682434082031,93.2484130859375,75.47
2023-05,75.47,108.46768188476562,122.47150421142578,92.75943756103516,74.84
2023-06,74.84,110.52894592285156,129.40652465820312,95.2789077758789,80.11
2023-07,80.11,107.44878387451172,123.80915069580078,91.76800537109375,86.15
2023-08,86.15,101.14118194580078,117.60943603515625,83.60504913330078,93.72
2023-09,93.72,98.63481140136719,125.65179443359375,68.4659194946289,90.6
2023-10,90.6,197.8870086669922,205.04005432128906,221.80393981933594,82.94
2023-11,82.94,156.69613647460938,143.49435424804688,189.5543975830078,77.63
2023-12,77.63,142.2794647216797,136.1783905029297,173.96380615234375,80.12
2024-01,80.12,160.3736572265625,140.83609008789062,208.4711456298828,83.48
2024-02,83.48,146.59817504882812,140.2446746826172,171.18118286132812,85.41
2024-03,85.41,133.21316528320312,121.53968048095703,151.81399536132812,89.94
2024-04,89.94,163.9473419189453,170.697998046875,165.99069213867188,81.75
2024-05,81.75,130.52186584472656,131.44712829589844,133.154296875,82.25
2024-06,82.25,113.0927963256836,125.71302795410156,109.73841094970703,85.15
2024-07,85.15,92.3948745727539,95.1602783203125,95.11029815673828,80.36
2024-08,80.36,140.97506713867188,124.80498504638672,165.17947387695312,74.02
2024-09,74.02,130.35877990722656,134.03704833984375,135.5546112060547,75.63
2024-10,75.63,130.689208984375,128.40969848632812,142.81838989257812,74.35
2024-11,74.35,128.90164184570312,139.14866638183594,127.42887115478516,73.86
2024-12,73.86,142.36643981933594,128.26246643066406,164.81373596191406,79.27
2025-01,79.27,113.233154296875,117.08644104003906,109.50493621826172,75.44
2025-02,75.44,136.9805908203125,138.7676544189453,140.7871551513672,72.73
2025-03,72.73,175.901123046875,195.67752075195312,159.82244873046875,68.13
2025-04,68.13,141.1845245361328,159.26712036132812,132.4676055908203,64.45
2025-05,64.45,167.42288208007812,206.15826416015625,149.22117614746094,71.44
2025-06,71.44,222.58563232421875,288.1604919433594,183.72996520996094,71.04
2025-07,71.04,134.64071655273438,156.7975311279297,119.74867248535156,67.87
2025-08,67.87,138.98846435546875,160.41519165039062,121.7310562133789,67.99
2025-09,67.99,125.86952209472656,141.8061065673828,114.78914642333984,64.54
2025-10,64.54,153.4799346923828,166.6230010986328,151.14178466796875,63.8
2025-11,63.8,103.939208984375,118.0085678100586,88.70289611816406,62.54
2025-12,62.54,132.48622131347656,146.3589324951172,123.53462219238281,66.6
2026-01,66.6,168.62986755371094,220.17141723632812,100.22209930419922,70.89
2026-02,70.89,119.86540985107422,156.00601196289062,81.2406234741211,103.13
2026-03,103.13,330.17681884765625,319.2039794921875,450.3603515625,117.29
2026-04,117.29,250.28366088867188,268.60107421875,305.9411926269531,107.14
2026-05,107.14,203.5819854736328,233.49290466308594,215.2461395263672,85.4
2026-06,85.4,179.9416961669922,214.94244384765625,184.83316040039062,83.76
2026-07,83.76,167.53224182128906,190.89479064941406,180.69992065429688,91.08
