month,world_production,world_consumption,world_inventory_net_withdrawals,world_market_balance
1998-01,76.49,73.08,-3.41,3.4099999999999966
1998-02,76.9,74.5,-2.4,2.4000000000000057
1998-03,76.71,74.3,-2.41,2.4099999999999966
1998-04,76.6,72.76,-3.84,3.839999999999989
1998-05,75.97,70.74,-5.23,5.230000000000004
1998-06,75.66,73.43,-2.23,2.2299999999999898
1998-07,75.21,73.94,-1.27,1.269999999999996
1998-08,74.5,72.96,-1.53,1.5400000000000063
1998-09,74.52,73.38,-1.14,1.1400000000000006
1998-10,74.68,74.54,-0.14,0.14000000000000057
1998-11,75.68,75.37,-0.32,0.3100000000000023
1998-12,75.37,77.4,2.04,-2.030000000000001
1999-01,75.66,74.48,-1.18,1.1799999999999926
1999-02,76.1,77.21,1.11,-1.1099999999999994
1999-03,75.69,77.57,1.88,-1.8799999999999955
1999-04,74.28,74.0,-0.28,0.28000000000000114
1999-05,74.11,72.01,-2.1,2.0999999999999943
1999-06,73.05,74.86,1.81,-1.8100000000000023
1999-07,74.67,74.42,-0.25,0.25
1999-08,74.6,74.53,-0.07,0.06999999999999318
1999-09,74.71,75.13,0.42,-0.4200000000000017
1999-10,75.31,75.49,0.18,-0.1799999999999926
1999-11,75.31,76.7,1.39,-1.3900000000000006
1999-12,74.62,79.5,4.87,-4.8799999999999955
2000-01,74.46,75.48,1.02,-1.0200000000000102
2000-02,75.27,78.96,3.69,-3.6899999999999977
2000-03,75.38,77.85,2.47,-2.469999999999999
2000-04,75.97,74.38,-1.58,1.5900000000000034
2000-05,76.34,75.52,-0.82,0.8200000000000074
2000-06,75.98,76.19,0.21,-0.20999999999999375
2000-07,76.58,75.75,-0.83,0.8299999999999983
2000-08,77.14,78.5,1.36,-1.3599999999999994
2000-09,77.13,77.74,0.61,-0.6099999999999994
2000-10,77.87,76.93,-0.94,0.9399999999999977
2000-11,78.87,77.68,-1.19,1.1899999999999977
2000-12,76.98,79.25,2.28,-2.269999999999996
2001-01,77.26,78.84,1.59,-1.5799999999999983
2001-02,77.11,78.8,1.68,-1.6899999999999977
2001-03,77.69,78.56,0.86,-0.8700000000000045
2001-04,76.91,76.53,-0.38,0.37999999999999545
2001-05,76.27,76.68,0.41,-0.4100000000000108
2001-06,74.63,76.88,2.25,-2.25
2001-07,77.0,77.02,0.02,-0.01999999999999602
2001-08,77.11,77.97,0.86,-0.8599999999999994
2001-09,76.4,76.63,0.22,-0.22999999999998977
2001-10,76.61,77.84,1.24,-1.230000000000004
2001-11,76.6,78.63,2.02,-2.030000000000001
2001-12,76.53,78.41,1.88,-1.8799999999999955
2002-01,76.22,78.56,2.34,-2.3400000000000034
2002-02,76.44,79.08,2.64,-2.6400000000000006
2002-03,75.83,78.27,2.45,-2.4399999999999977
2002-04,75.07,77.51,2.44,-2.440000000000012
2002-05,75.88,76.59,0.71,-0.710000000000008
2002-06,75.75,77.46,1.71,-1.7099999999999937
2002-07,76.69,78.74,2.04,-2.049999999999997
2002-08,76.51,78.3,1.79,-1.789999999999992
2002-09,76.53,78.02,1.49,-1.4899999999999949
2002-10,77.91,79.57,1.67,-1.6599999999999966
2002-11,78.23,80.25,2.01,-2.019999999999996
2002-12,77.3,80.97,3.67,-3.6700000000000017
2003-01,79.06,80.33,1.27,-1.269999999999996
2003-02,80.45,82.51,2.06,-2.0600000000000023
2003-03,80.4,79.61,-0.79,0.7900000000000063
2003-04,78.99,78.3,-0.69,0.6899999999999977
2003-05,78.83,77.91,-0.92,0.9200000000000017
2003-06,78.6,78.92,0.32,-0.3200000000000074
2003-07,79.35,79.92,0.57,-0.5700000000000074
2003-08,79.86,79.36,-0.5,0.5
2003-09,79.9,80.42,0.52,-0.519999999999996
2003-10,81.14,81.58,0.44,-0.4399999999999977
2003-11,81.67,80.64,-1.03,1.0300000000000011
2003-12,82.46,83.61,1.15,-1.1500000000000057
2004-01,82.1,81.99,-0.11,0.10999999999999943
2004-02,82.12,83.64,1.52,-1.519999999999996
2004-03,82.66,84.0,1.34,-1.3400000000000034
2004-04,82.06,82.56,0.5,-0.5
2004-05,82.57,80.33,-2.24,2.239999999999995
2004-06,83.99,83.47,-0.52,0.519999999999996
2004-07,84.39,83.09,-1.3,1.2999999999999972
2004-08,83.42,83.25,-0.18,0.1700000000000017
2004-09,83.75,83.52,-0.23,0.23000000000000398
2004-10,84.61,83.65,-0.96,0.9599999999999937
2004-11,84.84,84.91,0.07,-0.06999999999999318
2004-12,84.38,86.6,2.22,-2.219999999999999
2005-01,83.88,84.44,0.56,-0.5600000000000023
2005-02,84.73,86.6,1.88,-1.8699999999999903
2005-03,84.55,86.12,1.58,-1.5700000000000074
2005-04,85.29,83.17,-2.12,2.1200000000000045
2005-05,85.54,82.36,-3.17,3.180000000000007
2005-06,84.76,85.74,0.98,-0.9799999999999898
2005-07,84.67,83.7,-0.97,0.9699999999999989
2005-08,84.99,85.61,0.62,-0.6200000000000045
2005-09,83.35,84.25,0.9,-0.9000000000000057
2005-10,84.06,82.21,-1.86,1.8500000000000085
2005-11,85.12,85.01,-0.1,0.10999999999999943
2005-12,85.18,87.09,1.9,-1.9099999999999966
2006-01,85.26,84.71,-0.54,0.5500000000000114
2006-02,85.64,87.54,1.9,-1.9000000000000057
2006-03,85.41,86.8,1.39,-1.3900000000000006
2006-04,84.94,83.29,-1.65,1.6499999999999915
2006-05,84.5,84.16,-0.34,0.3400000000000034
2006-06,84.81,85.88,1.08,-1.0699999999999932
2006-07,86.12,84.72,-1.4,1.4000000000000057
2006-08,85.33,86.65,1.33,-1.3200000000000074
2006-09,85.11,86.02,0.91,-0.9099999999999966
2006-10,85.34,86.38,1.04,-1.039999999999992
2006-11,85.16,87.07,1.92,-1.9099999999999966
2006-12,84.8,86.46,1.66,-1.6599999999999966
2007-01,85.13,86.52,1.39,-1.3900000000000006
2007-02,85.64,88.23,2.58,-2.5900000000000034
2007-03,85.44,87.66,2.22,-2.219999999999999
2007-04,85.45,85.56,0.11,-0.10999999999999943
2007-05,84.9,86.24,1.34,-1.3399999999999892
2007-06,84.61,87.51,2.9,-2.9000000000000057
2007-07,85.58,87.53,1.95,-1.9500000000000028
2007-08,84.7,87.19,2.49,-2.489999999999995
2007-09,84.94,87.18,2.24,-2.240000000000009
2007-10,86.33,88.45,2.12,-2.1200000000000045
2007-11,85.93,88.56,2.63,-2.6299999999999955
2007-12,86.3,89.05,2.75,-2.75
2008-01,86.68,87.77,1.09,-1.0899999999999892
2008-02,86.76,88.38,1.62,-1.6199999999999903
2008-03,86.98,88.19,1.21,-1.2099999999999937
2008-04,86.52,88.15,1.62,-1.6300000000000097
2008-05,87.25,87.09,-0.15,0.1599999999999966
2008-06,87.2,86.32,-0.88,0.8800000000000097
2008-07,88.2,87.22,-0.99,0.980000000000004
2008-08,87.26,86.08,-1.18,1.1800000000000068
2008-09,85.65,86.38,0.73,-0.7299999999999898
2008-10,87.25,87.18,-0.06,0.06999999999999318
2008-11,87.0,84.14,-2.86,2.8599999999999994
2008-12,85.7,85.8,0.1,-0.09999999999999432
2009-01,84.44,84.26,-0.18,0.1799999999999926
2009-02,84.97,85.67,0.7,-0.7000000000000028
2009-03,84.84,85.88,1.04,-1.039999999999992
2009-04,85.3,85.06,-0.25,0.23999999999999488
2009-05,85.26,84.1,-1.17,1.1600000000000108
2009-06,85.53,86.89,1.36,-1.3599999999999994
2009-07,86.44,87.05,0.62,-0.6099999999999994
2009-08,86.07,85.84,-0.23,0.22999999999998977
2009-09,86.47,86.83,0.36,-0.35999999999999943
2009-10,86.96,86.98,0.03,-0.020000000000010232
2009-11,87.14,85.61,-1.53,1.5300000000000011
2009-12,86.65,88.72,2.07,-2.069999999999993
2010-01,86.37,84.21,-2.16,2.160000000000011
2010-02,86.79,88.95,2.15,-2.1599999999999966
2010-03,87.06,88.62,1.56,-1.5600000000000023
2010-04,87.23,87.72,0.5,-0.4899999999999949
2010-05,87.45,86.16,-1.29,1.2900000000000063
2010-06,87.11,90.44,3.33,-3.3299999999999983
2010-07,87.44,88.44,1.0,-1.0
2010-08,87.36,89.74,2.38,-2.3799999999999955
2010-09,87.5,90.94,3.44,-3.4399999999999977
2010-10,87.79,88.3,0.51,-0.5099999999999909
2010-11,88.1,90.57,2.47,-2.469999999999999
2010-12,88.11,92.14,4.03,-4.030000000000001
2011-01,88.96,87.94,-1.02,1.019999999999996
2011-02,88.22,90.54,2.31,-2.3200000000000074
2011-03,87.32,89.11,1.79,-1.7900000000000063
2011-04,87.3,87.53,0.23,-0.23000000000000398
2011-05,87.15,87.73,0.58,-0.5799999999999983
2011-06,88.06,89.68,1.61,-1.6200000000000045
2011-07,88.54,89.38,0.83,-0.8399999999999892
2011-08,89.07,91.18,2.11,-2.1100000000000136
2011-09,88.4,90.35,1.95,-1.9499999999999886
2011-10,88.92,89.4,0.48,-0.480000000000004
2011-11,89.92,91.38,1.47,-1.4599999999999937
2011-12,90.29,91.02,0.73,-0.7299999999999898
2012-01,90.62,87.88,-2.74,2.740000000000009
2012-02,90.91,92.04,1.13,-1.1300000000000097
2012-03,90.64,90.08,-0.56,0.5600000000000023
2012-04,91.02,88.42,-2.6,2.5999999999999943
2012-05,90.63,90.55,-0.08,0.0799999999999983
2012-06,90.34,90.92,0.58,-0.5799999999999983
2012-07,90.84,91.77,0.93,-0.9299999999999926
2012-08,90.92,91.68,0.76,-0.7600000000000051
2012-09,90.19,90.2,0.02,-0.010000000000005116
2012-10,90.9,92.88,1.98,-1.9799999999999898
2012-11,91.39,92.75,1.36,-1.3599999999999994
2012-12,91.07,91.71,0.64,-0.6400000000000006
2013-01,90.25,92.04,1.78,-1.7900000000000063
2013-02,90.02,92.1,2.08,-2.0799999999999983
2013-03,90.28,90.79,0.5,-0.5100000000000051
2013-04,91.17,91.53,0.35,-0.35999999999999943
2013-05,91.3,91.81,0.51,-0.5100000000000051
2013-06,91.4,92.3,0.89,-0.8999999999999915
2013-07,92.26,94.27,2.01,-2.009999999999991
2013-08,92.09,92.24,0.15,-0.14999999999999147
2013-09,91.47,92.45,0.99,-0.980000000000004
2013-10,91.74,92.42,0.68,-0.6800000000000068
2013-11,92.05,94.01,1.96,-1.960000000000008
2013-12,92.21,93.85,1.64,-1.6400000000000006
2014-01,92.28,93.14,0.87,-0.8599999999999994
2014-02,92.8,94.42,1.62,-1.6200000000000045
2014-03,92.16,91.88,-0.28,0.28000000000000114
2014-04,92.46,93.69,1.23,-1.230000000000004
2014-05,92.82,92.95,0.13,-0.13000000000000966
2014-06,93.62,93.81,0.19,-0.18999999999999773
2014-07,93.86,94.16,0.3,-0.29999999999999716
2014-08,94.36,94.01,-0.35,0.3499999999999943
2014-09,94.84,95.52,0.69,-0.6799999999999926
2014-10,96.08,94.07,-2.01,2.010000000000005
2014-11,95.57,93.98,-1.59,1.5899999999999892
2014-12,96.25,97.02,0.77,-0.769999999999996
2015-01,95.07,93.4,-1.67,1.6699999999999875
2015-02,94.92,96.58,1.66,-1.6599999999999966
2015-03,95.96,93.79,-2.17,2.1699999999999875
2015-04,96.03,95.56,-0.47,0.46999999999999886
2015-05,96.21,92.99,-3.21,3.219999999999999
2015-06,96.89,97.65,0.75,-0.7600000000000051
2015-07,97.41,97.65,0.24,-0.2400000000000091
2015-08,97.37,96.09,-1.28,1.2800000000000011
2015-09,97.05,97.37,0.32,-0.3200000000000074
2015-10,97.22,95.54,-1.69,1.6799999999999926
2015-11,97.65,94.99,-2.66,2.660000000000011
2015-12,97.64,98.75,1.11,-1.1099999999999994
2016-01,97.34,93.41,-3.93,3.930000000000007
2016-02,96.54,98.39,1.85,-1.8499999999999943
2016-03,96.6,97.43,0.83,-0.8300000000000125
2016-04,96.41,97.0,0.59,-0.5900000000000034
2016-05,95.97,96.43,0.46,-0.46000000000000796
2016-06,96.49,97.16,0.67,-0.6700000000000017
2016-07,97.55,96.44,-1.1,1.1099999999999994
2016-08,96.54,99.64,3.1,-3.0999999999999943
2016-09,96.72,97.43,0.71,-0.710000000000008
2016-10,97.92,96.05,-1.86,1.8700000000000045
2016-11,99.06,98.08,-0.98,0.980000000000004
2016-12,97.89,99.48,1.6,-1.5900000000000034
2017-01,97.39,96.05,-1.34,1.3400000000000034
2017-02,97.43,97.75,0.32,-0.3199999999999932
2017-03,97.11,99.73,2.62,-2.6200000000000045
2017-04,96.82,97.5,0.68,-0.6800000000000068
2017-05,97.93,99.99,2.06,-2.059999999999988
2017-06,98.42,101.8,3.38,-3.3799999999999955
2017-07,99.16,99.75,0.59,-0.5900000000000034
2017-08,98.55,100.0,1.45,-1.4500000000000028
2017-09,98.55,100.93,2.39,-2.3800000000000097
2017-10,99.18,99.29,0.1,-0.10999999999999943
2017-11,99.59,101.96,2.37,-2.3699999999999903
2017-12,98.71,100.38,1.66,-1.6700000000000017
2018-01,99.03,98.15,-0.88,0.8799999999999955
2018-02,99.37,99.77,0.4,-0.3999999999999915
2018-03,99.64,99.95,0.31,-0.3100000000000023
2018-04,99.85,98.97,-0.88,0.8799999999999955
2018-05,99.93,99.69,-0.24,0.2400000000000091
2018-06,100.38,100.71,0.33,-0.3299999999999983
2018-07,101.36,101.12,-0.24,0.23999999999999488
2018-08,101.83,101.48,-0.35,0.3499999999999943
2018-09,101.7,100.18,-1.52,1.519999999999996
2018-10,102.36,100.14,-2.23,2.219999999999999
2018-11,102.68,100.48,-2.2,2.200000000000003
2018-12,101.88,100.2,-1.68,1.6799999999999926
2019-01,100.02,99.49,-0.53,0.5300000000000011
2019-02,99.97,100.49,0.52,-0.519999999999996
2019-03,99.82,99.31,-0.51,0.5099999999999909
2019-04,100.21,100.4,0.19,-0.19000000000001194
2019-05,100.13,100.12,-0.01,0.009999999999990905
2019-06,100.39,101.06,0.67,-0.6700000000000017
2019-07,99.94,102.12,2.18,-2.180000000000007
2019-08,101.07,102.06,0.99,-0.9900000000000091
2019-09,99.41,100.84,1.43,-1.4300000000000068
2019-10,101.3,100.29,-1.01,1.009999999999991
2019-11,101.89,101.05,-0.85,0.8400000000000034
2019-12,101.77,101.5,-0.27,0.269999999999996
2020-01,101.18,93.96,-7.22,7.220000000000013
2020-02,100.16,95.22,-4.94,4.939999999999998
2020-03,100.28,91.13,-9.16,9.150000000000006
2020-04,99.69,83.67,-16.03,16.019999999999996
2020-05,88.34,86.36,-1.98,1.980000000000004
2020-06,88.31,90.06,1.75,-1.75
2020-07,90.29,92.15,1.86,-1.8599999999999994
2020-08,91.2,91.77,0.57,-0.5699999999999932
2020-09,91.12,93.25,2.12,-2.1299999999999955
2020-10,91.52,92.29,0.77,-0.7700000000000102
2020-11,93.09,93.09,-0.0,0.0
2020-12,93.22,93.92,0.7,-0.7000000000000028
2021-01,93.77,92.84,-0.94,0.9299999999999926
2021-02,90.64,94.31,3.67,-3.6700000000000017
2021-03,93.85,95.71,1.86,-1.8599999999999994
2021-04,93.98,95.77,1.8,-1.789999999999992
2021-05,94.94,96.11,1.17,-1.1700000000000017
2021-06,95.36,98.94,3.58,-3.5799999999999983
2021-07,97.0,98.56,1.56,-1.5600000000000023
2021-08,96.39,98.37,1.98,-1.980000000000004
2021-09,96.67,99.34,2.67,-2.6700000000000017
2021-10,98.03,98.48,0.45,-0.45000000000000284
2021-11,98.89,99.58,0.69,-0.6899999999999977
2021-12,98.27,101.05,2.78,-2.780000000000001
2022-01,98.16,97.19,-0.97,0.9699999999999989
2022-02,99.36,100.44,1.08,-1.0799999999999983
2022-03,99.89,99.21,-0.68,0.6800000000000068
2022-04,99.32,97.9,-1.42,1.4199999999999875
2022-05,99.29,99.18,-0.11,0.10999999999999943
2022-06,99.81,100.99,1.18,-1.1799999999999926
2022-07,100.93,100.21,-0.72,0.7200000000000131
2022-08,101.47,100.78,-0.7,0.6899999999999977
2022-09,102.0,101.05,-0.95,0.9500000000000028
2022-10,102.16,98.82,-3.34,3.3400000000000034
2022-11,102.33,100.36,-1.98,1.9699999999999989
2022-12,100.7,100.93,0.23,-0.23000000000000398
2023-01,101.44,97.97,-3.47,3.469999999999999
2023-02,102.03,101.6,-0.44,0.4300000000000068
2023-03,102.39,101.05,-1.34,1.3400000000000034
2023-04,102.16,100.08,-2.07,2.0799999999999983
2023-05,101.68,101.5,-0.18,0.18000000000000682
2023-06,102.55,103.2,0.65,-0.6500000000000057
2023-07,102.07,101.85,-0.22,0.21999999999999886
2023-08,101.8,102.11,0.31,-0.3100000000000023
2023-09,102.87,102.07,-0.8,0.8000000000000114
2023-10,103.14,101.52,-1.62,1.6200000000000045
2023-11,103.94,102.43,-1.51,1.509999999999991
2023-12,103.92,102.61,-1.31,1.3100000000000023
2024-01,101.5,100.03,-1.47,1.4699999999999989
2024-02,102.75,102.22,-0.54,0.5300000000000011
2024-03,103.53,101.61,-1.92,1.9200000000000017
2024-04,103.42,102.47,-0.95,0.9500000000000028
2024-05,103.02,103.44,0.42,-0.4200000000000017
2024-06,103.02,104.12,1.1,-1.1000000000000085
2024-07,103.19,104.28,1.1,-1.0900000000000034
2024-08,103.51,103.81,0.3,-0.29999999999999716
2024-09,102.41,103.7,1.28,-1.2900000000000063
2024-10,103.75,104.01,0.25,-0.2600000000000051
2024-11,103.9,103.64,-0.25,0.2600000000000051
2024-12,103.8,103.86,0.05,-0.060000000000002274
2025-01,102.67,102.01,-0.66,0.6599999999999966
2025-02,103.21,103.54,0.33,-0.3300000000000125
2025-03,104.7,102.31,-2.38,2.3900000000000006
2025-04,104.4,103.59,-0.8,0.8100000000000023
2025-05,104.92,103.51,-1.4,1.4099999999999966
2025-06,106.11,105.76,-0.35,0.3499999999999943
2025-07,107.09,105.42,-1.68,1.6700000000000017
2025-08,107.63,104.49,-3.15,3.1400000000000006
2025-09,108.81,105.85,-2.96,2.960000000000008
2025-10,108.55,104.44,-4.11,4.109999999999999
2025-11,108.62,104.25,-4.37,4.3700000000000045
2025-12,107.97,106.2,-1.77,1.769999999999996
2026-01,105.96,102.48,-3.47,3.4799999999999898
2026-02,108.71,104.48,-4.23,4.22999999999999
2026-03,96.9,102.14,5.24,-5.239999999999995
2026-04,95.46,99.62,4.16,-4.160000000000011
2026-05,94.41,99.17,4.76,-4.760000000000005
2026-06,99.41,102.05,2.63,-2.6400000000000006
2026-07,101.73,101.82,0.09,-0.0899999999999892
